{
    "DataType": "CustomerData",
    "DataVersion": 0,
    "GameVersion": "0.3.5f3",
    "Dependence": 0.07500000298023224,
    "PurchaseableProducts": [
        "californiasmegma"
    ],
    "ProductAffinities": [
        NaN,
        -0.6860830783843994,
        0.19469010829925538
    ],
    "TimeSinceLastDealCompleted": 3901,
    "TimeSinceLastDealOffered": 1022,
    "OfferedDeals": 4,
    "CompletedDeals": 3,
    "IsContractOffered": false,
    "OfferedContract": {
        "Payment": 0.0,
        "Products": {
            "entries": []
        },
        "DeliveryLocationGUID": "",
        "DeliveryWindow": {
            "IsEnabled": false,
            "WindowStartTime": 1200,
            "WindowEndTime": 1800
        },
        "Expires": false,
        "ExpiresAfter": 0,
        "PickupScheduleIndex": 0,
        "IsCounterOffer": false
    },
    "OfferedContractTime": {
        "elapsedDays": 28,
        "time": 1345
    },
    "TimeSincePlayerApproached": 1044133,
    "TimeSinceInstantDealOffered": 7053,
    "HasBeenRecommended": false
}