{
    "DataType": "CustomerData",
    "DataVersion": 0,
    "GameVersion": "0.3.5f3",
    "Dependence": 0.21250000596046449,
    "PurchaseableProducts": [
        "californiasmegma"
    ],
    "ProductAffinities": [
        NaN,
        -0.5810830593109131,
        0.19469010829925538
    ],
    "TimeSinceLastDealCompleted": 4649,
    "TimeSinceLastDealOffered": 3507,
    "OfferedDeals": 8,
    "CompletedDeals": 6,
    "IsContractOffered": false,
    "OfferedContract": {
        "Payment": 0.0,
        "Products": {
            "entries": []
        },
        "DeliveryLocationGUID": "",
        "DeliveryWindow": {
            "IsEnabled": false,
            "WindowStartTime": 1200,
            "WindowEndTime": 1800
        },
        "Expires": false,
        "ExpiresAfter": 0,
        "PickupScheduleIndex": 0,
        "IsCounterOffer": false
    },
    "OfferedContractTime": {
        "elapsedDays": 32,
        "time": 1345
    },
    "TimeSincePlayerApproached": 1076196,
    "TimeSinceInstantDealOffered": 39116,
    "HasBeenRecommended": false
}