{
    "DataType": "CustomerData",
    "DataVersion": 0,
    "GameVersion": "0.3.5f3",
    "Dependence": 1.0,
    "PurchaseableProducts": [
        "californiasmegma"
    ],
    "ProductAffinities": [
        0.925000011920929,
        1.0,
        0.24973881244659425
    ],
    "TimeSinceLastDealCompleted": 3399,
    "TimeSinceLastDealOffered": 3432,
    "OfferedDeals": 25,
    "CompletedDeals": 22,
    "IsContractOffered": false,
    "OfferedContract": {
        "Payment": 0.0,
        "Products": {
            "entries": []
        },
        "DeliveryLocationGUID": "",
        "DeliveryWindow": {
            "IsEnabled": false,
            "WindowStartTime": 1200,
            "WindowEndTime": 1800
        },
        "Expires": false,
        "ExpiresAfter": 0,
        "PickupScheduleIndex": 0,
        "IsCounterOffer": false
    },
    "OfferedContractTime": {
        "elapsedDays": 32,
        "time": 1500
    },
    "TimeSincePlayerApproached": 1076195,
    "TimeSinceInstantDealOffered": 47154,
    "HasBeenRecommended": false
}