{
    "DataType": "CustomerData",
    "DataVersion": 0,
    "GameVersion": "0.3.5f3",
    "Dependence": 1.0,
    "PurchaseableProducts": [
        "californiasmegma"
    ],
    "ProductAffinities": [
        0.925000011920929,
        1.0,
        0.24973881244659425
    ],
    "TimeSinceLastDealCompleted": 776,
    "TimeSinceLastDealOffered": 946,
    "OfferedDeals": 21,
    "CompletedDeals": 19,
    "IsContractOffered": false,
    "OfferedContract": {
        "Payment": 0.0,
        "Products": {
            "entries": []
        },
        "DeliveryLocationGUID": "",
        "DeliveryWindow": {
            "IsEnabled": false,
            "WindowStartTime": 1200,
            "WindowEndTime": 1800
        },
        "Expires": false,
        "ExpiresAfter": 0,
        "PickupScheduleIndex": 0,
        "IsCounterOffer": false
    },
    "OfferedContractTime": {
        "elapsedDays": 28,
        "time": 1500
    },
    "TimeSincePlayerApproached": 1044132,
    "TimeSinceInstantDealOffered": 15091,
    "HasBeenRecommended": false
}