{
    "DataType": "CustomerData",
    "DataVersion": 0,
    "GameVersion": "0.3.5f3",
    "Dependence": 1.0,
    "PurchaseableProducts": [
        "gorillashart"
    ],
    "ProductAffinities": [
        0.32100000977516177,
        0.22600018978118897,
        0.9919999837875366
    ],
    "TimeSinceLastDealCompleted": 502,
    "TimeSinceLastDealOffered": 565,
    "OfferedDeals": 8,
    "CompletedDeals": 6,
    "IsContractOffered": false,
    "OfferedContract": {
        "Payment": 0.0,
        "Products": {
            "entries": []
        },
        "DeliveryLocationGUID": "",
        "DeliveryWindow": {
            "IsEnabled": false,
            "WindowStartTime": 1200,
            "WindowEndTime": 1800
        },
        "Expires": false,
        "ExpiresAfter": 0,
        "PickupScheduleIndex": 0,
        "IsCounterOffer": false
    },
    "OfferedContractTime": {
        "elapsedDays": 0,
        "time": 0
    },
    "TimeSincePlayerApproached": 992,
    "TimeSinceInstantDealOffered": 1086949,
    "HasBeenRecommended": false
}