{
    "DataType": "CustomerData",
    "DataVersion": 0,
    "GameVersion": "0.3.5f3",
    "Dependence": 0.8125,
    "PurchaseableProducts": [
        "californiasmegma"
    ],
    "ProductAffinities": [
        1.0,
        1.0,
        0.9020000100135803
    ],
    "TimeSinceLastDealCompleted": 5583,
    "TimeSinceLastDealOffered": 631,
    "OfferedDeals": 21,
    "CompletedDeals": 15,
    "IsContractOffered": false,
    "OfferedContract": {
        "Payment": 0.0,
        "Products": {
            "entries": []
        },
        "DeliveryLocationGUID": "",
        "DeliveryWindow": {
            "IsEnabled": false,
            "WindowStartTime": 1200,
            "WindowEndTime": 1800
        },
        "Expires": false,
        "ExpiresAfter": 0,
        "PickupScheduleIndex": 0,
        "IsCounterOffer": false
    },
    "OfferedContractTime": {
        "elapsedDays": 28,
        "time": 2015
    },
    "TimeSincePlayerApproached": 1044131,
    "TimeSinceInstantDealOffered": 7147,
    "HasBeenRecommended": false
}