{
    "DataType": "CustomerData",
    "DataVersion": 0,
    "GameVersion": "0.3.5f3",
    "Dependence": 1.0,
    "PurchaseableProducts": [
        "californiasmegma"
    ],
    "ProductAffinities": [
        1.0,
        1.0,
        0.9020000100135803
    ],
    "TimeSinceLastDealCompleted": 39257,
    "TimeSinceLastDealOffered": 39300,
    "OfferedDeals": 35,
    "CompletedDeals": 28,
    "IsContractOffered": false,
    "OfferedContract": {
        "Payment": 0.0,
        "Products": {
            "entries": []
        },
        "DeliveryLocationGUID": "",
        "DeliveryWindow": {
            "IsEnabled": false,
            "WindowStartTime": 1200,
            "WindowEndTime": 1800
        },
        "Expires": false,
        "ExpiresAfter": 0,
        "PickupScheduleIndex": 0,
        "IsCounterOffer": false
    },
    "OfferedContractTime": {
        "elapsedDays": 48,
        "time": 2015
    },
    "TimeSincePlayerApproached": 1126477,
    "TimeSinceInstantDealOffered": 89493,
    "HasBeenRecommended": false
}