{
    "Gender": 0,
    "Weight": 0.4000000059604645,
    "SkinColor": {
        "r": 0.22641509771347047,
        "g": 0.19293342530727387,
        "b": 0.16553933918476106,
        "a": 1.0
    },
    "HairStyle": "Avatar/Hair/Spiky/Spiky",
    "HairColor": {
        "r": 0.07547169923782349,
        "g": 0.07547169923782349,
        "b": 0.07547169923782349,
        "a": 1.0
    },
    "Mouth": "Avatar/Layers/Face/Face_SlightSmile",
    "FacialHair": "Avatar/Layers/Face/FacialHair_Goatee",
    "FacialDetails": "",
    "FacialDetailsIntensity": 1.0,
    "EyeballColor": {
        "r": 0.9103773832321167,
        "g": 1.0,
        "b": 0.9139074087142944,
        "a": 1.0
    },
    "UpperEyeLidRestingPosition": 0.36451613903045657,
    "LowerEyeLidRestingPosition": 0.5451613068580627,
    "PupilDilation": 0.9177419543266296,
    "EyebrowScale": 1.3345160484313965,
    "EyebrowThickness": 1.6129032373428345,
    "EyebrowRestingHeight": 0.6903226375579834,
    "EyebrowRestingAngle": 4.064516067504883,
    "Top": "Avatar/Layers/Top/T-Shirt",
    "TopColor": {
        "r": 1.0,
        "g": 1.0,
        "b": 1.0,
        "a": 1.0
    },
    "Bottom": "Avatar/Layers/Bottom/CargoPants",
    "BottomColor": {
        "r": 0.3289426565170288,
        "g": 0.9056603908538818,
        "b": 0.8828460574150086,
        "a": 1.0
    },
    "Shoes": "Avatar/Accessories/Feet/Sandals/Sandals",
    "ShoesColor": {
        "r": 0.8962264060974121,
        "g": 0.2578764259815216,
        "b": 0.8697004318237305,
        "a": 1.0
    },
    "Headwear": "",
    "HeadwearColor": {
        "r": 1.0,
        "g": 1.0,
        "b": 1.0,
        "a": 1.0
    },
    "Eyewear": "",
    "EyewearColor": {
        "r": 0.0,
        "g": 0.0,
        "b": 0.0,
        "a": 0.0
    },
    "Tattoos": []
}