{
    "Items": [
        "{\"DataType\":\"ItemData\",\"DataVersion\":0,\"GameVersion\":\"0.3.5f3\",\"ID\":\"goldenskateboard\",\"Quantity\":1}",
        "{\"DataType\":\"ItemData\",\"DataVersion\":0,\"GameVersion\":\"0.3.5f3\",\"ID\":\"airpot\",\"Quantity\":9}",
        "{\"DataType\":\"ItemData\",\"DataVersion\":0,\"GameVersion\":\"0.3.5f3\",\"ID\":\"brickpress\",\"Quantity\":2}",
        "{\"DataType\":\"ItemData\",\"DataVersion\":0,\"GameVersion\":\"0.3.5f3\",\"ID\":\"suspensionrack\",\"Quantity\":8}",
        "{\"DataType\":\"ItemData\",\"DataVersion\":0,\"GameVersion\":\"0.3.5f3\",\"ID\":\"fullspectrumgrowlight\",\"Quantity\":9}",
        "{\"DataType\":\"ItemData\",\"DataVersion\":0,\"GameVersion\":\"0.3.5f3\",\"ID\":\"soilpourer\",\"Quantity\":5}",
        "{\"DataType\":\"ItemData\",\"DataVersion\":0,\"GameVersion\":\"0.3.5f3\",\"ID\":\"potsprinkler\",\"Quantity\":5}",
        "{\"DataType\":\"ItemData\",\"DataVersion\":0,\"GameVersion\":\"0.3.5f3\",\"ID\":\"sourdieselseed\",\"Quantity\":8}",
        "{\"DataType\":\"CashData\",\"DataVersion\":0,\"GameVersion\":\"0.3.5f3\",\"ID\":\"cash\",\"Quantity\":1,\"CashBalance\":3713.7890625}"
    ]
}