{
    "DataType": "CustomerData",
    "DataVersion": 0,
    "GameVersion": "0.3.5f3",
    "Dependence": 0.875,
    "PurchaseableProducts": [
        "californiasmegma"
    ],
    "ProductAffinities": [
        1.0,
        1.0,
        -0.6399999856948853
    ],
    "TimeSinceLastDealCompleted": 4340,
    "TimeSinceLastDealOffered": 1277,
    "OfferedDeals": 19,
    "CompletedDeals": 17,
    "IsContractOffered": false,
    "OfferedContract": {
        "Payment": 0.0,
        "Products": {
            "entries": []
        },
        "DeliveryLocationGUID": "",
        "DeliveryWindow": {
            "IsEnabled": false,
            "WindowStartTime": 1200,
            "WindowEndTime": 1800
        },
        "Expires": false,
        "ExpiresAfter": 0,
        "PickupScheduleIndex": 0,
        "IsCounterOffer": false
    },
    "OfferedContractTime": {
        "elapsedDays": 28,
        "time": 930
    },
    "TimeSincePlayerApproached": 1044134,
    "TimeSinceInstantDealOffered": 1044134,
    "HasBeenRecommended": false
}