{
    "DataType": "CustomerData",
    "DataVersion": 0,
    "GameVersion": "0.3.5f3",
    "Dependence": 0.612500011920929,
    "PurchaseableProducts": [
        "gorillashart"
    ],
    "ProductAffinities": [
        1.0,
        0.320000022649765,
        -0.4699999988079071
    ],
    "TimeSinceLastDealCompleted": 5221,
    "TimeSinceLastDealOffered": 1,
    "OfferedDeals": 7,
    "CompletedDeals": 4,
    "IsContractOffered": true,
    "OfferedContract": {
        "Payment": 1020.0,
        "Products": {
            "entries": [
                {
                    "ProductID": "gorillashart",
                    "Quality": 2,
                    "Quantity": 2
                }
            ]
        },
        "DeliveryLocationGUID": "ed913f7e-ccde-4f03-8958-fa39c9f8e812",
        "DeliveryWindow": {
            "IsEnabled": true,
            "WindowStartTime": 0,
            "WindowEndTime": 0
        },
        "Expires": true,
        "ExpiresAfter": 1,
        "PickupScheduleIndex": 0,
        "IsCounterOffer": false
    },
    "OfferedContractTime": {
        "elapsedDays": 48,
        "time": 1625
    },
    "TimeSincePlayerApproached": 1086952,
    "TimeSinceInstantDealOffered": 8763,
    "HasBeenRecommended": false
}