{
    "DataType": "CustomerData",
    "DataVersion": 0,
    "GameVersion": "0.3.5f3",
    "Dependence": 0.4750000238418579,
    "PurchaseableProducts": [
        "gorillashart"
    ],
    "ProductAffinities": [
        0.025641560554504396,
        0.4378083646297455,
        -0.4993685483932495
    ],
    "TimeSinceLastDealCompleted": 4532,
    "TimeSinceLastDealOffered": 296,
    "OfferedDeals": 6,
    "CompletedDeals": 3,
    "IsContractOffered": true,
    "OfferedContract": {
        "Payment": 2535.0,
        "Products": {
            "entries": [
                {
                    "ProductID": "gorillashart",
                    "Quality": 3,
                    "Quantity": 5
                }
            ]
        },
        "DeliveryLocationGUID": "6f09dcf9-0c51-45f3-8bd9-6a0b5c8cea1f",
        "DeliveryWindow": {
            "IsEnabled": true,
            "WindowStartTime": 0,
            "WindowEndTime": 0
        },
        "Expires": true,
        "ExpiresAfter": 1,
        "PickupScheduleIndex": 0,
        "IsCounterOffer": false
    },
    "OfferedContractTime": {
        "elapsedDays": 48,
        "time": 1130
    },
    "TimeSincePlayerApproached": 1086952,
    "TimeSinceInstantDealOffered": 1086952,
    "HasBeenRecommended": false
}