{
    "DataType": "PackagerConfigurationData",
    "DataVersion": 0,
    "GameVersion": "0.3.5f3",
    "Bed": {
        "ObjectGUID": "2acb33dd-cbfb-4b2b-8b66-7a294bcce5d2"
    },
    "Stations": {
        "ObjectGUIDs": []
    },
    "Routes": {
        "Routes": [
            {
                "SourceGUID": "3465b11a-4cfb-45c1-bc43-1541e2a4dd94",
                "DestinationGUID": "ee3bb435-039a-4288-94ae-b15efd8340c0",
                "FilterMode": 1,
                "FilterItemIDs": []
            },
            {
                "SourceGUID": "f6daa503-d735-4efa-881f-7dba946a24c4",
                "DestinationGUID": "214360ea-8cfe-4d9f-90ec-d7ee50b478fd",
                "FilterMode": 1,
                "FilterItemIDs": []
            }
        ]
    }
}