{
    "DataType": "CustomerData",
    "DataVersion": 0,
    "GameVersion": "0.3.5f3",
    "Dependence": 1.0,
    "PurchaseableProducts": [
        "californiasmegma"
    ],
    "ProductAffinities": [
        0.405740886926651,
        1.0,
        -0.1968921422958374
    ],
    "TimeSinceLastDealCompleted": 556,
    "TimeSinceLastDealOffered": 661,
    "OfferedDeals": 18,
    "CompletedDeals": 9,
    "IsContractOffered": false,
    "OfferedContract": {
        "Payment": 0.0,
        "Products": {
            "entries": []
        },
        "DeliveryLocationGUID": "",
        "DeliveryWindow": {
            "IsEnabled": false,
            "WindowStartTime": 1200,
            "WindowEndTime": 1800
        },
        "Expires": false,
        "ExpiresAfter": 0,
        "PickupScheduleIndex": 0,
        "IsCounterOffer": false
    },
    "OfferedContractTime": {
        "elapsedDays": 28,
        "time": 1945
    },
    "TimeSincePlayerApproached": 1044131,
    "TimeSinceInstantDealOffered": 1044131,
    "HasBeenRecommended": false
}