{
    "DataType": "CustomerData",
    "DataVersion": 0,
    "GameVersion": "0.3.5f3",
    "Dependence": 1.0,
    "PurchaseableProducts": [
        "californiasmegma"
    ],
    "ProductAffinities": [
        0.44327500462532046,
        1.0,
        0.6100000143051148
    ],
    "TimeSinceLastDealCompleted": 3238,
    "TimeSinceLastDealOffered": 3272,
    "OfferedDeals": 22,
    "CompletedDeals": 13,
    "IsContractOffered": false,
    "OfferedContract": {
        "Payment": 0.0,
        "Products": {
            "entries": []
        },
        "DeliveryLocationGUID": "",
        "DeliveryWindow": {
            "IsEnabled": false,
            "WindowStartTime": 1200,
            "WindowEndTime": 1800
        },
        "Expires": false,
        "ExpiresAfter": 0,
        "PickupScheduleIndex": 0,
        "IsCounterOffer": false
    },
    "OfferedContractTime": {
        "elapsedDays": 32,
        "time": 1740
    },
    "TimeSincePlayerApproached": 1076196,
    "TimeSinceInstantDealOffered": 30889,
    "HasBeenRecommended": false
}