{
    "DataType": "CustomerData",
    "DataVersion": 0,
    "GameVersion": "0.3.5f3",
    "Dependence": 1.0,
    "PurchaseableProducts": [
        "californiasmegma"
    ],
    "ProductAffinities": [
        0.10327500104904175,
        1.0,
        0.20999999344348908
    ],
    "TimeSinceLastDealCompleted": 49,
    "TimeSinceLastDealOffered": 2115,
    "OfferedDeals": 23,
    "CompletedDeals": 16,
    "IsContractOffered": false,
    "OfferedContract": {
        "Payment": 0.0,
        "Products": {
            "entries": []
        },
        "DeliveryLocationGUID": "",
        "DeliveryWindow": {
            "IsEnabled": false,
            "WindowStartTime": 1200,
            "WindowEndTime": 1800
        },
        "Expires": false,
        "ExpiresAfter": 0,
        "PickupScheduleIndex": 0,
        "IsCounterOffer": false
    },
    "OfferedContractTime": {
        "elapsedDays": 33,
        "time": 400
    },
    "TimeSincePlayerApproached": 50177,
    "TimeSinceInstantDealOffered": 30925,
    "HasBeenRecommended": false
}