{
    "DataType": "CustomerData",
    "DataVersion": 0,
    "GameVersion": "0.3.5f3",
    "Dependence": 0.875,
    "PurchaseableProducts": [
        "californiasmegma"
    ],
    "ProductAffinities": [
        0.10327500104904175,
        1.0,
        0.20999999344348908
    ],
    "TimeSinceLastDealCompleted": 4462,
    "TimeSinceLastDealOffered": 376,
    "OfferedDeals": 16,
    "CompletedDeals": 7,
    "IsContractOffered": false,
    "OfferedContract": {
        "Payment": 0.0,
        "Products": {
            "entries": []
        },
        "DeliveryLocationGUID": "",
        "DeliveryWindow": {
            "IsEnabled": false,
            "WindowStartTime": 1200,
            "WindowEndTime": 1800
        },
        "Expires": false,
        "ExpiresAfter": 0,
        "PickupScheduleIndex": 0,
        "IsCounterOffer": false
    },
    "OfferedContractTime": {
        "elapsedDays": 29,
        "time": 30
    },
    "TimeSincePlayerApproached": 18114,
    "TimeSinceInstantDealOffered": 1044131,
    "HasBeenRecommended": false
}