{
    "DataType": "CustomerData",
    "DataVersion": 0,
    "GameVersion": "0.3.5f3",
    "Dependence": 1.0,
    "PurchaseableProducts": [
        "californiasmegma"
    ],
    "ProductAffinities": [
        0.10327500104904175,
        1.0,
        0.20999999344348908
    ],
    "TimeSinceLastDealCompleted": 39002,
    "TimeSinceLastDealOffered": 38302,
    "OfferedDeals": 32,
    "CompletedDeals": 23,
    "IsContractOffered": false,
    "OfferedContract": {
        "Payment": 0.0,
        "Products": {
            "entries": []
        },
        "DeliveryLocationGUID": "",
        "DeliveryWindow": {
            "IsEnabled": false,
            "WindowStartTime": 1200,
            "WindowEndTime": 1800
        },
        "Expires": false,
        "ExpiresAfter": 0,
        "PickupScheduleIndex": 0,
        "IsCounterOffer": false
    },
    "OfferedContractTime": {
        "elapsedDays": 49,
        "time": 400
    },
    "TimeSincePlayerApproached": 100461,
    "TimeSinceInstantDealOffered": 81209,
    "HasBeenRecommended": false
}