{
    "DataType": "CustomerData",
    "DataVersion": 0,
    "GameVersion": "0.3.5f3",
    "Dependence": 1.0,
    "PurchaseableProducts": [
        "californiasmegma"
    ],
    "ProductAffinities": [
        0.4608926475048065,
        1.0,
        0.5780153274536133
    ],
    "TimeSinceLastDealCompleted": 1171,
    "TimeSinceLastDealOffered": 1187,
    "OfferedDeals": 14,
    "CompletedDeals": 7,
    "IsContractOffered": false,
    "OfferedContract": {
        "Payment": 0.0,
        "Products": {
            "entries": []
        },
        "DeliveryLocationGUID": "",
        "DeliveryWindow": {
            "IsEnabled": false,
            "WindowStartTime": 1200,
            "WindowEndTime": 1800
        },
        "Expires": false,
        "ExpiresAfter": 0,
        "PickupScheduleIndex": 0,
        "IsCounterOffer": false
    },
    "OfferedContractTime": {
        "elapsedDays": 28,
        "time": 1100
    },
    "TimeSincePlayerApproached": 1044134,
    "TimeSinceInstantDealOffered": 1044134,
    "HasBeenRecommended": false
}