{
    "DataType": "LabOvenData",
    "DataVersion": 0,
    "GameVersion": "0.3.5f3",
    "GUID": "dcd9eb3a-749a-42f0-b49b-ed1c71b6c469",
    "ItemString": "{\n    \"DataType\": \"ItemData\",\n    \"DataVersion\": 0,\n    \"GameVersion\": \"0.3.5f3\",\n    \"ID\": \"laboven\",\n    \"Quantity\": 1\n}",
    "LoadOrder": 0,
    "GridGUID": "fa2d9b23-eb58-43ae-8f8b-7c37a132a46e",
    "OriginCoordinate": {
        "x": 7.0,
        "y": 5.0
    },
    "Rotation": 180,
    "InputContents": {
        "Items": [
            "{\"DataType\":\"ItemData\",\"DataVersion\":0,\"GameVersion\":\"0.3.5f3\",\"ID\":\"\",\"Quantity\":0}"
        ]
    },
    "OutputContents": {
        "Items": [
            "{\"DataType\":\"ItemData\",\"DataVersion\":0,\"GameVersion\":\"0.3.5f3\",\"ID\":\"\",\"Quantity\":0}"
        ]
    },
    "CurrentIngredientID": "",
    "CurrentIngredientQuantity": 0,
    "CurrentIngredientQuality": 2,
    "CurrentProductID": "",
    "CurrentCookProgress": 0
}