{
    "DataType": "CustomerData",
    "DataVersion": 0,
    "GameVersion": "0.3.5f3",
    "Dependence": 0.4125000238418579,
    "PurchaseableProducts": [
        "gorillashart"
    ],
    "ProductAffinities": [
        0.025641560554504396,
        0.4378083646297455,
        -0.4993685483932495
    ],
    "TimeSinceLastDealCompleted": 44061,
    "TimeSinceLastDealOffered": 39825,
    "OfferedDeals": 6,
    "CompletedDeals": 3,
    "IsContractOffered": false,
    "OfferedContract": {
        "Payment": 0.0,
        "Products": {
            "entries": []
        },
        "DeliveryLocationGUID": "",
        "DeliveryWindow": {
            "IsEnabled": false,
            "WindowStartTime": 1200,
            "WindowEndTime": 1800
        },
        "Expires": false,
        "ExpiresAfter": 0,
        "PickupScheduleIndex": 0,
        "IsCounterOffer": false
    },
    "OfferedContractTime": {
        "elapsedDays": 48,
        "time": 1130
    },
    "TimeSincePlayerApproached": 1126481,
    "TimeSinceInstantDealOffered": 1126481,
    "HasBeenRecommended": false
}