{
    "DataType": "CustomerData",
    "DataVersion": 0,
    "GameVersion": "0.3.5f3",
    "Dependence": 0.0,
    "PurchaseableProducts": [
        "gorillashart"
    ],
    "ProductAffinities": [
        0.8096444606781006,
        0.3889605700969696,
        0.2694868743419647
    ],
    "TimeSinceLastDealCompleted": 1086950,
    "TimeSinceLastDealOffered": 1086950,
    "OfferedDeals": 0,
    "CompletedDeals": 0,
    "IsContractOffered": false,
    "OfferedContract": {
        "Payment": 0.0,
        "Products": {
            "entries": []
        },
        "DeliveryLocationGUID": "",
        "DeliveryWindow": {
            "IsEnabled": false,
            "WindowStartTime": 1200,
            "WindowEndTime": 1800
        },
        "Expires": false,
        "ExpiresAfter": 0,
        "PickupScheduleIndex": 0,
        "IsCounterOffer": false
    },
    "OfferedContractTime": {
        "elapsedDays": 0,
        "time": 0
    },
    "TimeSincePlayerApproached": 1086950,
    "TimeSinceInstantDealOffered": 1086950,
    "HasBeenRecommended": false
}