{
    "DataType": "CustomerData",
    "DataVersion": 0,
    "GameVersion": "0.3.5f3",
    "Dependence": 0.8125,
    "PurchaseableProducts": [
        "californiasmegma"
    ],
    "ProductAffinities": [
        0.9743000268936157,
        0.7100000381469727,
        1.0
    ],
    "TimeSinceLastDealCompleted": 5800,
    "TimeSinceLastDealOffered": 902,
    "OfferedDeals": 22,
    "CompletedDeals": 17,
    "IsContractOffered": false,
    "OfferedContract": {
        "Payment": 0.0,
        "Products": {
            "entries": []
        },
        "DeliveryLocationGUID": "",
        "DeliveryWindow": {
            "IsEnabled": false,
            "WindowStartTime": 1200,
            "WindowEndTime": 1800
        },
        "Expires": false,
        "ExpiresAfter": 0,
        "PickupScheduleIndex": 0,
        "IsCounterOffer": false
    },
    "OfferedContractTime": {
        "elapsedDays": 28,
        "time": 1545
    },
    "TimeSincePlayerApproached": 1044134,
    "TimeSinceInstantDealOffered": 1044134,
    "HasBeenRecommended": false
}