{
    "DataType": "CustomerData",
    "DataVersion": 0,
    "GameVersion": "0.3.5f3",
    "Dependence": 1.0,
    "PurchaseableProducts": [
        "californiasmegma"
    ],
    "ProductAffinities": [
        0.9743000268936157,
        1.0,
        1.0
    ],
    "TimeSinceLastDealCompleted": 3375,
    "TimeSinceLastDealOffered": 3387,
    "OfferedDeals": 26,
    "CompletedDeals": 21,
    "IsContractOffered": false,
    "OfferedContract": {
        "Payment": 0.0,
        "Products": {
            "entries": []
        },
        "DeliveryLocationGUID": "",
        "DeliveryWindow": {
            "IsEnabled": false,
            "WindowStartTime": 1200,
            "WindowEndTime": 1800
        },
        "Expires": false,
        "ExpiresAfter": 0,
        "PickupScheduleIndex": 0,
        "IsCounterOffer": false
    },
    "OfferedContractTime": {
        "elapsedDays": 32,
        "time": 1545
    },
    "TimeSincePlayerApproached": 1076197,
    "TimeSinceInstantDealOffered": 1076197,
    "HasBeenRecommended": false
}