{
    "DataType": "CustomerData",
    "DataVersion": 0,
    "GameVersion": "0.3.5f3",
    "Dependence": 0.13750000298023225,
    "PurchaseableProducts": [
        "californiasmegma"
    ],
    "ProductAffinities": [
        0.5778086185455322,
        -0.4288087785243988,
        -0.34890711307525637
    ],
    "TimeSinceLastDealCompleted": 4864,
    "TimeSinceLastDealOffered": 4940,
    "OfferedDeals": 1,
    "CompletedDeals": 1,
    "IsContractOffered": false,
    "OfferedContract": {
        "Payment": 0.0,
        "Products": {
            "entries": []
        },
        "DeliveryLocationGUID": "",
        "DeliveryWindow": {
            "IsEnabled": false,
            "WindowStartTime": 1200,
            "WindowEndTime": 1800
        },
        "Expires": false,
        "ExpiresAfter": 0,
        "PickupScheduleIndex": 0,
        "IsCounterOffer": false
    },
    "OfferedContractTime": {
        "elapsedDays": 31,
        "time": 1230
    },
    "TimeSincePlayerApproached": 1076197,
    "TimeSinceInstantDealOffered": 1076197,
    "HasBeenRecommended": false
}