{
    "Items": [
        "{\"DataType\":\"CashData\",\"DataVersion\":0,\"GameVersion\":\"0.3.5f3\",\"ID\":\"cash\",\"Quantity\":1,\"CashBalance\":98.0}",
        "{\"DataType\":\"ItemData\",\"DataVersion\":0,\"GameVersion\":\"0.3.5f3\",\"ID\":\"energydrink\",\"Quantity\":1}",
        "{\"DataType\":\"ItemData\",\"DataVersion\":0,\"GameVersion\":\"0.3.5f3\",\"ID\":\"paracetamol\",\"Quantity\":1}",
        "{\"DataType\":\"MethData\",\"DataVersion\":0,\"GameVersion\":\"0.3.5f3\",\"ID\":\"californiasmegma\",\"Quantity\":1,\"Quality\":\"Standard\",\"PackagingID\":\"jar\"}",
        "{\"DataType\":\"MethData\",\"DataVersion\":0,\"GameVersion\":\"0.3.5f3\",\"ID\":\"californiasmegma\",\"Quantity\":3,\"Quality\":\"Standard\",\"PackagingID\":\"baggie\"}"
    ]
}