{
    "DataType": "CustomerData",
    "DataVersion": 0,
    "GameVersion": "0.3.5f3",
    "Dependence": 0.875,
    "PurchaseableProducts": [],
    "ProductAffinities": [
        0.44327500462532046,
        1.0,
        0.6100000143051148
    ],
    "TimeSinceLastDealCompleted": 4151,
    "TimeSinceLastDealOffered": 4234,
    "OfferedDeals": 29,
    "CompletedDeals": 16,
    "IsContractOffered": false,
    "OfferedContract": {
        "Payment": 0.0,
        "Products": {
            "entries": []
        },
        "DeliveryLocationGUID": "",
        "DeliveryWindow": {
            "IsEnabled": false,
            "WindowStartTime": 1200,
            "WindowEndTime": 1800
        },
        "Expires": false,
        "ExpiresAfter": 0,
        "PickupScheduleIndex": 0,
        "IsCounterOffer": false
    },
    "OfferedContractTime": {
        "elapsedDays": 0,
        "time": 0
    },
    "TimeSincePlayerApproached": 1086951,
    "TimeSinceInstantDealOffered": 41644,
    "HasBeenRecommended": false
}