{
    "DataType": "CustomerData",
    "DataVersion": 0,
    "GameVersion": "0.3.5f3",
    "Dependence": 0.612500011920929,
    "PurchaseableProducts": [
        "gorillashart"
    ],
    "ProductAffinities": [
        -0.8211581707000732,
        0.2438204288482666,
        -0.2764521837234497
    ],
    "TimeSinceLastDealCompleted": 43991,
    "TimeSinceLastDealOffered": 39810,
    "OfferedDeals": 6,
    "CompletedDeals": 4,
    "IsContractOffered": false,
    "OfferedContract": {
        "Payment": 0.0,
        "Products": {
            "entries": []
        },
        "DeliveryLocationGUID": "",
        "DeliveryWindow": {
            "IsEnabled": false,
            "WindowStartTime": 1200,
            "WindowEndTime": 1800
        },
        "Expires": false,
        "ExpiresAfter": 0,
        "PickupScheduleIndex": 0,
        "IsCounterOffer": false
    },
    "OfferedContractTime": {
        "elapsedDays": 48,
        "time": 1145
    },
    "TimeSincePlayerApproached": 41231,
    "TimeSinceInstantDealOffered": 48043,
    "HasBeenRecommended": false
}