{
    "DataType": "CustomerData",
    "DataVersion": 0,
    "GameVersion": "0.3.5f3",
    "Dependence": 0.675000011920929,
    "PurchaseableProducts": [
        "gorillashart"
    ],
    "ProductAffinities": [
        0.5270000100135803,
        0.08799999952316284,
        0.546999990940094
    ],
    "TimeSinceLastDealCompleted": 5253,
    "TimeSinceLastDealOffered": 26,
    "OfferedDeals": 8,
    "CompletedDeals": 4,
    "IsContractOffered": true,
    "OfferedContract": {
        "Payment": 2370.0,
        "Products": {
            "entries": [
                {
                    "ProductID": "gorillashart",
                    "Quality": 3,
                    "Quantity": 4
                }
            ]
        },
        "DeliveryLocationGUID": "00198638-3ee0-439f-9b6d-d88835923889",
        "DeliveryWindow": {
            "IsEnabled": true,
            "WindowStartTime": 0,
            "WindowEndTime": 0
        },
        "Expires": true,
        "ExpiresAfter": 1,
        "PickupScheduleIndex": 0,
        "IsCounterOffer": false
    },
    "OfferedContractTime": {
        "elapsedDays": 48,
        "time": 1600
    },
    "TimeSincePlayerApproached": 1086950,
    "TimeSinceInstantDealOffered": 1086950,
    "HasBeenRecommended": false
}