{
    "DataType": "DeliveriesData",
    "DataVersion": 0,
    "GameVersion": "0.3.5f3",
    "ActiveDeliveries": [
        {
            "DeliveryID": "7be66c9e-1cc5-4164-abcc-0b97cad3a3ba",
            "StoreName": "Gas-Mart (Central)",
            "DestinationCode": "barn",
            "LoadingDockIndex": 0,
            "Items": [
                {
                    "String": "baggie",
                    "Int": 20
                },
                {
                    "String": "battery",
                    "Int": 160
                },
                {
                    "String": "chili",
                    "Int": 120
                },
                {
                    "String": "donut",
                    "Int": 10
                }
            ],
            "Status": 1,
            "TimeUntilArrival": 0
        }
    ],
    "DeliveryVehicles": []
}