{
    "DataType": "MetaData",
    "DataVersion": 0,
    "GameVersion": "0.3.5f3",
    "CreationDate": {
        "DataType": "DateTimeData",
        "DataVersion": 0,
        "GameVersion": "0.3.5f3",
        "Year": 2025,
        "Month": 5,
        "Day": 17,
        "Hour": 18,
        "Minute": 32,
        "Second": 56
    },
    "LastPlayedDate": {
        "DataType": "DateTimeData",
        "DataVersion": 0,
        "GameVersion": "0.3.5f3",
        "Year": 2025,
        "Month": 5,
        "Day": 23,
        "Hour": 9,
        "Minute": 14,
        "Second": 10
    },
    "CreationVersion": "0.3.5f3",
    "LastSaveVersion": "0.3.5f3",
    "PlayTutorial": false
}