{
    "DataType": "VehicleCollectionData",
    "DataVersion": 0,
    "GameVersion": "0.3.5f3",
    "Vehicles": [
        {
            "DataType": "VehicleData",
            "DataVersion": 0,
            "GameVersion": "0.3.5f3",
            "GUID": "021aa628-34a6-403d-b08e-82d58411fac6",
            "VehicleCode": "veeper",
            "Position": {
                "x": -85.38993835449219,
                "y": -2.171872854232788,
                "z": -26.200214385986329
            },
            "Rotation": {
                "x": 0.06506779044866562,
                "y": -0.2919793725013733,
                "z": 0.015458690002560616,
                "w": 0.9540834426879883
            },
            "Color": "White",
            "VehicleContents": {
                "Items": []
            }
        },
        {
            "DataType": "VehicleData",
            "DataVersion": 0,
            "GameVersion": "0.3.5f3",
            "GUID": "08e102b1-c0cf-49ea-8dcb-cd979aa5e278",
            "VehicleCode": "bruiser",
            "Position": {
                "x": 177.24642944335938,
                "y": 0.9011348485946655,
                "z": -4.017175674438477
            },
            "Rotation": {
                "x": 0.000015563358829240315,
                "y": -0.08611223846673966,
                "z": 0.0000013449631524053985,
                "w": 0.9962854981422424
            },
            "Color": "Navy",
            "VehicleContents": {
                "Items": []
            }
        },
        {
            "DataType": "VehicleData",
            "DataVersion": 0,
            "GameVersion": "0.3.5f3",
            "GUID": "238497dc-8528-4215-a844-f86a1a19d9e7",
            "VehicleCode": "veeper",
            "Position": {
                "x": 177.90740966796876,
                "y": 0.5177285671234131,
                "z": -18.180694580078126
            },
            "Rotation": {
                "x": 1.1058820525988722e-8,
                "y": 1.0,
                "z": 1.4156103134155274e-7,
                "w": -0.0002654695126693696
            },
            "Color": "White",
            "VehicleContents": {
                "Items": [
                    "{\"DataType\":\"ItemData\",\"DataVersion\":0,\"GameVersion\":\"0.3.5f3\",\"ID\":\"jar\",\"Quantity\":20}",
                    "{\"DataType\":\"ItemData\",\"DataVersion\":0,\"GameVersion\":\"0.3.5f3\",\"ID\":\"jar\",\"Quantity\":20}",
                    "{\"DataType\":\"ItemData\",\"DataVersion\":0,\"GameVersion\":\"0.3.5f3\",\"ID\":\"jar\",\"Quantity\":20}",
                    "{\"DataType\":\"ItemData\",\"DataVersion\":0,\"GameVersion\":\"0.3.5f3\",\"ID\":\"\",\"Quantity\":0}",
                    "{\"DataType\":\"ItemData\",\"DataVersion\":0,\"GameVersion\":\"0.3.5f3\",\"ID\":\"\",\"Quantity\":0}",
                    "{\"DataType\":\"ItemData\",\"DataVersion\":0,\"GameVersion\":\"0.3.5f3\",\"ID\":\"\",\"Quantity\":0}",
                    "{\"DataType\":\"ItemData\",\"DataVersion\":0,\"GameVersion\":\"0.3.5f3\",\"ID\":\"\",\"Quantity\":0}",
                    "{\"DataType\":\"ItemData\",\"DataVersion\":0,\"GameVersion\":\"0.3.5f3\",\"ID\":\"\",\"Quantity\":0}",
                    "{\"DataType\":\"ItemData\",\"DataVersion\":0,\"GameVersion\":\"0.3.5f3\",\"ID\":\"\",\"Quantity\":0}",
                    "{\"DataType\":\"ItemData\",\"DataVersion\":0,\"GameVersion\":\"0.3.5f3\",\"ID\":\"\",\"Quantity\":0}",
                    "{\"DataType\":\"ItemData\",\"DataVersion\":0,\"GameVersion\":\"0.3.5f3\",\"ID\":\"\",\"Quantity\":0}",
                    "{\"DataType\":\"ItemData\",\"DataVersion\":0,\"GameVersion\":\"0.3.5f3\",\"ID\":\"\",\"Quantity\":0}",
                    "{\"DataType\":\"ItemData\",\"DataVersion\":0,\"GameVersion\":\"0.3.5f3\",\"ID\":\"\",\"Quantity\":0}",
                    "{\"DataType\":\"ItemData\",\"DataVersion\":0,\"GameVersion\":\"0.3.5f3\",\"ID\":\"\",\"Quantity\":0}",
                    "{\"DataType\":\"ItemData\",\"DataVersion\":0,\"GameVersion\":\"0.3.5f3\",\"ID\":\"\",\"Quantity\":0}",
                    "{\"DataType\":\"ItemData\",\"DataVersion\":0,\"GameVersion\":\"0.3.5f3\",\"ID\":\"\",\"Quantity\":0}"
                ]
            }
        }
    ]
}