{
    "DataType": "VehicleCollectionData",
    "DataVersion": 0,
    "GameVersion": "0.3.5f3",
    "Vehicles": [
        {
            "DataType": "VehicleData",
            "DataVersion": 0,
            "GameVersion": "0.3.5f3",
            "GUID": "021aa628-34a6-403d-b08e-82d58411fac6",
            "VehicleCode": "veeper",
            "Position": {
                "x": -85.38993835449219,
                "y": -2.1718688011169435,
                "z": -26.200206756591798
            },
            "Rotation": {
                "x": 0.06506919115781784,
                "y": -0.2919827997684479,
                "z": 0.015459775924682618,
                "w": 0.9540822505950928
            },
            "Color": "White",
            "VehicleContents": {
                "Items": []
            }
        },
        {
            "DataType": "VehicleData",
            "DataVersion": 0,
            "GameVersion": "0.3.5f3",
            "GUID": "08e102b1-c0cf-49ea-8dcb-cd979aa5e278",
            "VehicleCode": "bruiser",
            "Position": {
                "x": 179.00511169433595,
                "y": 0.8840042352676392,
                "z": -3.3965353965759279
            },
            "Rotation": {
                "x": 0.0001364962081424892,
                "y": -0.010256698355078698,
                "z": -0.011782456189393998,
                "w": 0.9998779892921448
            },
            "Color": "Navy",
            "VehicleContents": {
                "Items": []
            }
        },
        {
            "DataType": "VehicleData",
            "DataVersion": 0,
            "GameVersion": "0.3.5f3",
            "GUID": "238497dc-8528-4215-a844-f86a1a19d9e7",
            "VehicleCode": "veeper",
            "Position": {
                "x": 177.92684936523438,
                "y": 0.5177285075187683,
                "z": -18.113550186157228
            },
            "Rotation": {
                "x": -1.1479723838192513e-9,
                "y": 0.9998936653137207,
                "z": 1.564621925354004e-7,
                "w": 0.01458587497472763
            },
            "Color": "White",
            "VehicleContents": {
                "Items": [
                    "{\"DataType\":\"ItemData\",\"DataVersion\":0,\"GameVersion\":\"0.3.5f3\",\"ID\":\"jar\",\"Quantity\":20}",
                    "{\"DataType\":\"ItemData\",\"DataVersion\":0,\"GameVersion\":\"0.3.5f3\",\"ID\":\"jar\",\"Quantity\":20}",
                    "{\"DataType\":\"ItemData\",\"DataVersion\":0,\"GameVersion\":\"0.3.5f3\",\"ID\":\"jar\",\"Quantity\":20}",
                    "{\"DataType\":\"ItemData\",\"DataVersion\":0,\"GameVersion\":\"0.3.5f3\",\"ID\":\"\",\"Quantity\":0}",
                    "{\"DataType\":\"ItemData\",\"DataVersion\":0,\"GameVersion\":\"0.3.5f3\",\"ID\":\"\",\"Quantity\":0}",
                    "{\"DataType\":\"ItemData\",\"DataVersion\":0,\"GameVersion\":\"0.3.5f3\",\"ID\":\"\",\"Quantity\":0}",
                    "{\"DataType\":\"ItemData\",\"DataVersion\":0,\"GameVersion\":\"0.3.5f3\",\"ID\":\"\",\"Quantity\":0}",
                    "{\"DataType\":\"ItemData\",\"DataVersion\":0,\"GameVersion\":\"0.3.5f3\",\"ID\":\"\",\"Quantity\":0}",
                    "{\"DataType\":\"ItemData\",\"DataVersion\":0,\"GameVersion\":\"0.3.5f3\",\"ID\":\"\",\"Quantity\":0}",
                    "{\"DataType\":\"ItemData\",\"DataVersion\":0,\"GameVersion\":\"0.3.5f3\",\"ID\":\"\",\"Quantity\":0}",
                    "{\"DataType\":\"ItemData\",\"DataVersion\":0,\"GameVersion\":\"0.3.5f3\",\"ID\":\"\",\"Quantity\":0}",
                    "{\"DataType\":\"ItemData\",\"DataVersion\":0,\"GameVersion\":\"0.3.5f3\",\"ID\":\"\",\"Quantity\":0}",
                    "{\"DataType\":\"ItemData\",\"DataVersion\":0,\"GameVersion\":\"0.3.5f3\",\"ID\":\"\",\"Quantity\":0}",
                    "{\"DataType\":\"ItemData\",\"DataVersion\":0,\"GameVersion\":\"0.3.5f3\",\"ID\":\"\",\"Quantity\":0}",
                    "{\"DataType\":\"ItemData\",\"DataVersion\":0,\"GameVersion\":\"0.3.5f3\",\"ID\":\"\",\"Quantity\":0}",
                    "{\"DataType\":\"ItemData\",\"DataVersion\":0,\"GameVersion\":\"0.3.5f3\",\"ID\":\"\",\"Quantity\":0}"
                ]
            }
        }
    ]
}