{
    "DataType": "VehicleCollectionData",
    "DataVersion": 0,
    "GameVersion": "0.3.5f3",
    "Vehicles": [
        {
            "DataType": "VehicleData",
            "DataVersion": 0,
            "GameVersion": "0.3.5f3",
            "GUID": "021aa628-34a6-403d-b08e-82d58411fac6",
            "VehicleCode": "veeper",
            "Position": {
                "x": -85.38995361328125,
                "y": -2.171872854232788,
                "z": -26.20022964477539
            },
            "Rotation": {
                "x": 0.0650673508644104,
                "y": -0.29197096824645998,
                "z": 0.015459107235074044,
                "w": 0.9540861248970032
            },
            "Color": "White",
            "VehicleContents": {
                "Items": []
            }
        },
        {
            "DataType": "VehicleData",
            "DataVersion": 0,
            "GameVersion": "0.3.5f3",
            "GUID": "08e102b1-c0cf-49ea-8dcb-cd979aa5e278",
            "VehicleCode": "bruiser",
            "Position": {
                "x": 164.86341857910157,
                "y": 0.9940605759620667,
                "z": -16.397201538085939
            },
            "Rotation": {
                "x": -0.018111005425453187,
                "y": -0.9925786852836609,
                "z": -0.04628792777657509,
                "w": 0.11098235100507736
            },
            "Color": "Navy",
            "VehicleContents": {
                "Items": []
            }
        },
        {
            "DataType": "VehicleData",
            "DataVersion": 0,
            "GameVersion": "0.3.5f3",
            "GUID": "238497dc-8528-4215-a844-f86a1a19d9e7",
            "VehicleCode": "veeper",
            "Position": {
                "x": 169.04244995117188,
                "y": 0.5235459804534912,
                "z": -16.089935302734376
            },
            "Rotation": {
                "x": -0.004466251935809851,
                "y": -0.9976696372032166,
                "z": -0.013674275949597359,
                "w": 0.06669642776250839
            },
            "Color": "White",
            "VehicleContents": {
                "Items": [
                    "{\"DataType\":\"ItemData\",\"DataVersion\":0,\"GameVersion\":\"0.3.5f3\",\"ID\":\"extralonglifesoil\",\"Quantity\":10}",
                    "{\"DataType\":\"ItemData\",\"DataVersion\":0,\"GameVersion\":\"0.3.5f3\",\"ID\":\"extralonglifesoil\",\"Quantity\":10}",
                    "{\"DataType\":\"ItemData\",\"DataVersion\":0,\"GameVersion\":\"0.3.5f3\",\"ID\":\"extralonglifesoil\",\"Quantity\":10}",
                    "{\"DataType\":\"ItemData\",\"DataVersion\":0,\"GameVersion\":\"0.3.5f3\",\"ID\":\"\",\"Quantity\":0}",
                    "{\"DataType\":\"ItemData\",\"DataVersion\":0,\"GameVersion\":\"0.3.5f3\",\"ID\":\"\",\"Quantity\":0}",
                    "{\"DataType\":\"ItemData\",\"DataVersion\":0,\"GameVersion\":\"0.3.5f3\",\"ID\":\"extralonglifesoil\",\"Quantity\":10}",
                    "{\"DataType\":\"ItemData\",\"DataVersion\":0,\"GameVersion\":\"0.3.5f3\",\"ID\":\"extralonglifesoil\",\"Quantity\":10}",
                    "{\"DataType\":\"ItemData\",\"DataVersion\":0,\"GameVersion\":\"0.3.5f3\",\"ID\":\"extralonglifesoil\",\"Quantity\":10}",
                    "{\"DataType\":\"ItemData\",\"DataVersion\":0,\"GameVersion\":\"0.3.5f3\",\"ID\":\"\",\"Quantity\":0}",
                    "{\"DataType\":\"ItemData\",\"DataVersion\":0,\"GameVersion\":\"0.3.5f3\",\"ID\":\"\",\"Quantity\":0}",
                    "{\"DataType\":\"ItemData\",\"DataVersion\":0,\"GameVersion\":\"0.3.5f3\",\"ID\":\"\",\"Quantity\":0}",
                    "{\"DataType\":\"ItemData\",\"DataVersion\":0,\"GameVersion\":\"0.3.5f3\",\"ID\":\"\",\"Quantity\":0}",
                    "{\"DataType\":\"ItemData\",\"DataVersion\":0,\"GameVersion\":\"0.3.5f3\",\"ID\":\"\",\"Quantity\":0}",
                    "{\"DataType\":\"ItemData\",\"DataVersion\":0,\"GameVersion\":\"0.3.5f3\",\"ID\":\"\",\"Quantity\":0}",
                    "{\"DataType\":\"ItemData\",\"DataVersion\":0,\"GameVersion\":\"0.3.5f3\",\"ID\":\"\",\"Quantity\":0}",
                    "{\"DataType\":\"ItemData\",\"DataVersion\":0,\"GameVersion\":\"0.3.5f3\",\"ID\":\"\",\"Quantity\":0}"
                ]
            }
        }
    ]
}