{
    "DataType": "ProductManagerData",
    "DataVersion": 0,
    "GameVersion": "0.3.5f3",
    "DiscoveredProducts": [
        "ogkush",
        "sourdiesel",
        "greencrack",
        "granddaddypurple",
        "weddingass",
        "aspendeath",
        "pinkfuel",
        "nightmaremonkey",
        "islandqueef",
        "dreamhaze",
        "biocock",
        "gorillafruit",
        "strawberrythunderfuck",
        "megasmegma",
        "californiasmegma",
        "biggold",
        "fatbud",
        "ladurkle",
        "megadurkle",
        "thickpuke",
        "girlscoutdeath",
        "afghanbud",
        "granddaddyass",
        "gorillashart",
        "meth",
        "cocaine"
    ],
    "ListedProducts": [
        "gorillashart"
    ],
    "ActiveMixOperation": {
        "ProductID": "",
        "IngredientID": ""
    },
    "IsMixComplete": false,
    "MixRecipes": [
        {
            "Product": "sourdiesel",
            "Mixer": "viagor",
            "Output": "weddingass"
        },
        {
            "Product": "weddingass",
            "Mixer": "flumedicine",
            "Output": "aspendeath"
        },
        {
            "Product": "aspendeath",
            "Mixer": "flumedicine",
            "Output": "aspendeath"
        },
        {
            "Product": "aspendeath",
            "Mixer": "battery",
            "Output": "pinkfuel"
        },
        {
            "Product": "pinkfuel",
            "Mixer": "horsesemen",
            "Output": "nightmaremonkey"
        },
        {
            "Product": "nightmaremonkey",
            "Mixer": "addy",
            "Output": "islandqueef"
        },
        {
            "Product": "ogkush",
            "Mixer": "horsesemen",
            "Output": "dreamhaze"
        },
        {
            "Product": "dreamhaze",
            "Mixer": "flumedicine",
            "Output": "biocock"
        },
        {
            "Product": "biocock",
            "Mixer": "addy",
            "Output": "gorillafruit"
        },
        {
            "Product": "ogkush",
            "Mixer": "banana",
            "Output": "strawberrythunderfuck"
        },
        {
            "Product": "chili",
            "Mixer": "meth",
            "Output": "megasmegma"
        },
        {
            "Product": "battery",
            "Mixer": "megasmegma",
            "Output": "californiasmegma"
        },
        {
            "Product": "battery",
            "Mixer": "meth",
            "Output": "biggold"
        },
        {
            "Product": "chili",
            "Mixer": "biggold",
            "Output": "californiasmegma"
        },
        {
            "Product": "cocaine",
            "Mixer": "gasoline",
            "Output": "fatbud"
        },
        {
            "Product": "cocaine",
            "Mixer": "battery",
            "Output": "ladurkle"
        },
        {
            "Product": "ladurkle",
            "Mixer": "gasoline",
            "Output": "megadurkle"
        },
        {
            "Product": "megadurkle",
            "Mixer": "cuke",
            "Output": "thickpuke"
        },
        {
            "Product": "thickpuke",
            "Mixer": "paracetamol",
            "Output": "girlscoutdeath"
        },
        {
            "Product": "girlscoutdeath",
            "Mixer": "horsesemen",
            "Output": "afghanbud"
        },
        {
            "Product": "afghanbud",
            "Mixer": "megabean",
            "Output": "granddaddyass"
        },
        {
            "Product": "granddaddyass",
            "Mixer": "motoroil",
            "Output": "gorillashart"
        }
    ],
    "ProductPrices": [
        {
            "String": "ogkush",
            "Int": 45
        },
        {
            "String": "sourdiesel",
            "Int": 40
        },
        {
            "String": "greencrack",
            "Int": 43
        },
        {
            "String": "granddaddypurple",
            "Int": 44
        },
        {
            "String": "meth",
            "Int": 70
        },
        {
            "String": "cocaine",
            "Int": 150
        },
        {
            "String": "weddingass",
            "Int": 56
        },
        {
            "String": "aspendeath",
            "Int": 65
        },
        {
            "String": "pinkfuel",
            "Int": 79
        },
        {
            "String": "nightmaremonkey",
            "Int": 97
        },
        {
            "String": "islandqueef",
            "Int": 110
        },
        {
            "String": "dreamhaze",
            "Int": 57
        },
        {
            "String": "biocock",
            "Int": 76
        },
        {
            "String": "gorillafruit",
            "Int": 89
        },
        {
            "String": "strawberrythunderfuck",
            "Int": 50
        },
        {
            "String": "megasmegma",
            "Int": 97
        },
        {
            "String": "californiasmegma",
            "Int": 160
        },
        {
            "String": "biggold",
            "Int": 98
        },
        {
            "String": "fatbud",
            "Int": 150
        },
        {
            "String": "ladurkle",
            "Int": 210
        },
        {
            "String": "megadurkle",
            "Int": 210
        },
        {
            "String": "thickpuke",
            "Int": 270
        },
        {
            "String": "girlscoutdeath",
            "Int": 273
        },
        {
            "String": "afghanbud",
            "Int": 351
        },
        {
            "String": "granddaddyass",
            "Int": 384
        },
        {
            "String": "gorillashart",
            "Int": 520
        }
    ],
    "FavouritedProducts": [],
    "CreatedWeed": [
        {
            "DataType": "WeedProductData",
            "DataVersion": 0,
            "GameVersion": "0.3.5f3",
            "Name": "Wedding Ass",
            "ID": "weddingass",
            "DrugType": 0,
            "Properties": [
                "refreshing",
                "tropicthunder"
            ],
            "AppearanceSettings": {
                "MainColor": {
                    "r": 103,
                    "g": 123,
                    "b": 82,
                    "a": 255
                },
                "SecondaryColor": {
                    "r": 196,
                    "g": 189,
                    "b": 105,
                    "a": 255
                },
                "LeafColor": {
                    "r": 149,
                    "g": 156,
                    "b": 93,
                    "a": 255
                },
                "StemColor": {
                    "r": 82,
                    "g": 98,
                    "b": 65,
                    "a": 255
                }
            }
        },
        {
            "DataType": "WeedProductData",
            "DataVersion": 0,
            "GameVersion": "0.3.5f3",
            "Name": "Aspen Death",
            "ID": "aspendeath",
            "DrugType": 0,
            "Properties": [
                "refreshing",
                "sedating",
                "tropicthunder"
            ],
            "AppearanceSettings": {
                "MainColor": {
                    "r": 103,
                    "g": 123,
                    "b": 82,
                    "a": 255
                },
                "SecondaryColor": {
                    "r": 121,
                    "g": 134,
                    "b": 109,
                    "a": 255
                },
                "LeafColor": {
                    "r": 112,
                    "g": 128,
                    "b": 95,
                    "a": 255
                },
                "StemColor": {
                    "r": 82,
                    "g": 98,
                    "b": 65,
                    "a": 255
                }
            }
        },
        {
            "DataType": "WeedProductData",
            "DataVersion": 0,
            "GameVersion": "0.3.5f3",
            "Name": "Pink Fuel",
            "ID": "pinkfuel",
            "DrugType": 0,
            "Properties": [
                "refreshing",
                "sedating",
                "brighteyed",
                "tropicthunder"
            ],
            "AppearanceSettings": {
                "MainColor": {
                    "r": 103,
                    "g": 123,
                    "b": 82,
                    "a": 255
                },
                "SecondaryColor": {
                    "r": 121,
                    "g": 134,
                    "b": 109,
                    "a": 255
                },
                "LeafColor": {
                    "r": 112,
                    "g": 128,
                    "b": 95,
                    "a": 255
                },
                "StemColor": {
                    "r": 82,
                    "g": 98,
                    "b": 65,
                    "a": 255
                }
            }
        },
        {
            "DataType": "WeedProductData",
            "DataVersion": 0,
            "GameVersion": "0.3.5f3",
            "Name": "Nightmare Monkey",
            "ID": "nightmaremonkey",
            "DrugType": 0,
            "Properties": [
                "refreshing",
                "sedating",
                "brighteyed",
                "tropicthunder",
                "giraffying"
            ],
            "AppearanceSettings": {
                "MainColor": {
                    "r": 103,
                    "g": 123,
                    "b": 82,
                    "a": 255
                },
                "SecondaryColor": {
                    "r": 121,
                    "g": 134,
                    "b": 109,
                    "a": 255
                },
                "LeafColor": {
                    "r": 112,
                    "g": 128,
                    "b": 95,
                    "a": 255
                },
                "StemColor": {
                    "r": 82,
                    "g": 98,
                    "b": 65,
                    "a": 255
                }
            }
        },
        {
            "DataType": "WeedProductData",
            "DataVersion": 0,
            "GameVersion": "0.3.5f3",
            "Name": "Island Queef",
            "ID": "islandqueef",
            "DrugType": 0,
            "Properties": [
                "refreshing",
                "gingeritis",
                "brighteyed",
                "thoughtprovoking",
                "tropicthunder",
                "electrifying"
            ],
            "AppearanceSettings": {
                "MainColor": {
                    "r": 103,
                    "g": 123,
                    "b": 82,
                    "a": 255
                },
                "SecondaryColor": {
                    "r": 158,
                    "g": 150,
                    "b": 86,
                    "a": 255
                },
                "LeafColor": {
                    "r": 130,
                    "g": 136,
                    "b": 84,
                    "a": 255
                },
                "StemColor": {
                    "r": 82,
                    "g": 98,
                    "b": 65,
                    "a": 255
                }
            }
        },
        {
            "DataType": "WeedProductData",
            "DataVersion": 0,
            "GameVersion": "0.3.5f3",
            "Name": "Dream Haze",
            "ID": "dreamhaze",
            "DrugType": 0,
            "Properties": [
                "calming",
                "giraffying"
            ],
            "AppearanceSettings": {
                "MainColor": {
                    "r": 114,
                    "g": 116,
                    "b": 82,
                    "a": 255
                },
                "SecondaryColor": {
                    "r": 255,
                    "g": 213,
                    "b": 126,
                    "a": 255
                },
                "LeafColor": {
                    "r": 184,
                    "g": 164,
                    "b": 104,
                    "a": 255
                },
                "StemColor": {
                    "r": 91,
                    "g": 92,
                    "b": 65,
                    "a": 255
                }
            }
        },
        {
            "DataType": "WeedProductData",
            "DataVersion": 0,
            "GameVersion": "0.3.5f3",
            "Name": "Bio Cock",
            "ID": "biocock",
            "DrugType": 0,
            "Properties": [
                "sedating",
                "brighteyed",
                "giraffying"
            ],
            "AppearanceSettings": {
                "MainColor": {
                    "r": 83,
                    "g": 88,
                    "b": 95,
                    "a": 255
                },
                "SecondaryColor": {
                    "r": 128,
                    "g": 147,
                    "b": 179,
                    "a": 255
                },
                "LeafColor": {
                    "r": 105,
                    "g": 117,
                    "b": 137,
                    "a": 255
                },
                "StemColor": {
                    "r": 66,
                    "g": 70,
                    "b": 76,
                    "a": 255
                }
            }
        },
        {
            "DataType": "WeedProductData",
            "DataVersion": 0,
            "GameVersion": "0.3.5f3",
            "Name": "Gorilla Fruit",
            "ID": "gorillafruit",
            "DrugType": 0,
            "Properties": [
                "gingeritis",
                "brighteyed",
                "thoughtprovoking",
                "electrifying"
            ],
            "AppearanceSettings": {
                "MainColor": {
                    "r": 139,
                    "g": 110,
                    "b": 61,
                    "a": 255
                },
                "SecondaryColor": {
                    "r": 202,
                    "g": 177,
                    "b": 134,
                    "a": 255
                },
                "LeafColor": {
                    "r": 170,
                    "g": 143,
                    "b": 97,
                    "a": 255
                },
                "StemColor": {
                    "r": 111,
                    "g": 88,
                    "b": 48,
                    "a": 255
                }
            }
        },
        {
            "DataType": "WeedProductData",
            "DataVersion": 0,
            "GameVersion": "0.3.5f3",
            "Name": "Strawberry Thunderfuck",
            "ID": "strawberrythunderfuck",
            "DrugType": 0,
            "Properties": [
                "gingeritis",
                "sneaky"
            ],
            "AppearanceSettings": {
                "MainColor": {
                    "r": 99,
                    "g": 106,
                    "b": 85,
                    "a": 255
                },
                "SecondaryColor": {
                    "r": 147,
                    "g": 123,
                    "b": 80,
                    "a": 255
                },
                "LeafColor": {
                    "r": 123,
                    "g": 114,
                    "b": 82,
                    "a": 255
                },
                "StemColor": {
                    "r": 79,
                    "g": 84,
                    "b": 68,
                    "a": 255
                }
            }
        }
    ],
    "CreatedMeth": [
        {
            "DataType": "MethProductData",
            "DataVersion": 0,
            "GameVersion": "0.3.5f3",
            "Name": "Mega Smegma",
            "ID": "megasmegma",
            "DrugType": 1,
            "Properties": [
                "spicy"
            ],
            "AppearanceSettings": {
                "MainColor": {
                    "r": 255,
                    "g": 166,
                    "b": 147,
                    "a": 255
                },
                "SecondaryColor": {
                    "r": 255,
                    "g": 181,
                    "b": 165,
                    "a": 255
                }
            }
        },
        {
            "DataType": "MethProductData",
            "DataVersion": 0,
            "GameVersion": "0.3.5f3",
            "Name": "California Smegma",
            "ID": "californiasmegma",
            "DrugType": 1,
            "Properties": [
                "spicy",
                "brighteyed"
            ],
            "AppearanceSettings": {
                "MainColor": {
                    "r": 255,
                    "g": 166,
                    "b": 147,
                    "a": 255
                },
                "SecondaryColor": {
                    "r": 229,
                    "g": 192,
                    "b": 183,
                    "a": 255
                }
            }
        },
        {
            "DataType": "MethProductData",
            "DataVersion": 0,
            "GameVersion": "0.3.5f3",
            "Name": "Big Gold",
            "ID": "biggold",
            "DrugType": 1,
            "Properties": [
                "brighteyed"
            ],
            "AppearanceSettings": {
                "MainColor": {
                    "r": 203,
                    "g": 249,
                    "b": 255,
                    "a": 255
                },
                "SecondaryColor": {
                    "r": 223,
                    "g": 251,
                    "b": 255,
                    "a": 255
                }
            }
        }
    ],
    "CreatedCocaine": [
        {
            "DataType": "CocaineProductData",
            "DataVersion": 0,
            "GameVersion": "0.3.5f3",
            "Name": "Fat Bud",
            "ID": "fatbud",
            "DrugType": 2,
            "Properties": [
                "toxic"
            ],
            "AppearanceSettings": {
                "MainColor": {
                    "r": 213,
                    "g": 228,
                    "b": 201,
                    "a": 255
                },
                "SecondaryColor": {
                    "r": 175,
                    "g": 204,
                    "b": 152,
                    "a": 255
                }
            }
        },
        {
            "DataType": "CocaineProductData",
            "DataVersion": 0,
            "GameVersion": "0.3.5f3",
            "Name": "LA Durkle",
            "ID": "ladurkle",
            "DrugType": 2,
            "Properties": [
                "brighteyed"
            ],
            "AppearanceSettings": {
                "MainColor": {
                    "r": 221,
                    "g": 251,
                    "b": 255,
                    "a": 255
                },
                "SecondaryColor": {
                    "r": 223,
                    "g": 251,
                    "b": 255,
                    "a": 255
                }
            }
        },
        {
            "DataType": "CocaineProductData",
            "DataVersion": 0,
            "GameVersion": "0.3.5f3",
            "Name": "Mega Durkle",
            "ID": "megadurkle",
            "DrugType": 2,
            "Properties": [
                "toxic",
                "brighteyed"
            ],
            "AppearanceSettings": {
                "MainColor": {
                    "r": 213,
                    "g": 228,
                    "b": 201,
                    "a": 255
                },
                "SecondaryColor": {
                    "r": 165,
                    "g": 211,
                    "b": 172,
                    "a": 255
                }
            }
        },
        {
            "DataType": "CocaineProductData",
            "DataVersion": 0,
            "GameVersion": "0.3.5f3",
            "Name": "Thick Puke",
            "ID": "thickpuke",
            "DrugType": 2,
            "Properties": [
                "Euphoric",
                "energizing",
                "brighteyed"
            ],
            "AppearanceSettings": {
                "MainColor": {
                    "r": 255,
                    "g": 252,
                    "b": 237,
                    "a": 255
                },
                "SecondaryColor": {
                    "r": 234,
                    "g": 251,
                    "b": 198,
                    "a": 255
                }
            }
        },
        {
            "DataType": "CocaineProductData",
            "DataVersion": 0,
            "GameVersion": "0.3.5f3",
            "Name": "Girl Scout Death",
            "ID": "girlscoutdeath",
            "DrugType": 2,
            "Properties": [
                "paranoia",
                "Euphoric",
                "sneaky",
                "brighteyed"
            ],
            "AppearanceSettings": {
                "MainColor": {
                    "r": 255,
                    "g": 252,
                    "b": 237,
                    "a": 255
                },
                "SecondaryColor": {
                    "r": 249,
                    "g": 237,
                    "b": 228,
                    "a": 255
                }
            }
        },
        {
            "DataType": "CocaineProductData",
            "DataVersion": 0,
            "GameVersion": "0.3.5f3",
            "Name": "Afghan Bud",
            "ID": "afghanbud",
            "DrugType": 2,
            "Properties": [
                "paranoia",
                "Euphoric",
                "sneaky",
                "brighteyed",
                "giraffying"
            ],
            "AppearanceSettings": {
                "MainColor": {
                    "r": 247,
                    "g": 234,
                    "b": 238,
                    "a": 255
                },
                "SecondaryColor": {
                    "r": 249,
                    "g": 237,
                    "b": 228,
                    "a": 255
                }
            }
        },
        {
            "DataType": "CocaineProductData",
            "DataVersion": 0,
            "GameVersion": "0.3.5f3",
            "Name": "Granddaddy Ass",
            "ID": "granddaddyass",
            "DrugType": 2,
            "Properties": [
                "paranoia",
                "calming",
                "Euphoric",
                "foggy",
                "brighteyed",
                "giraffying"
            ],
            "AppearanceSettings": {
                "MainColor": {
                    "r": 247,
                    "g": 234,
                    "b": 238,
                    "a": 255
                },
                "SecondaryColor": {
                    "r": 249,
                    "g": 237,
                    "b": 228,
                    "a": 255
                }
            }
        },
        {
            "DataType": "CocaineProductData",
            "DataVersion": 0,
            "GameVersion": "0.3.5f3",
            "Name": "Gorilla Shart",
            "ID": "gorillashart",
            "DrugType": 2,
            "Properties": [
                "calming",
                "toxic",
                "sedating",
                "slippery",
                "brighteyed",
                "giraffying",
                "antigravity"
            ],
            "AppearanceSettings": {
                "MainColor": {
                    "r": 255,
                    "g": 249,
                    "b": 242,
                    "a": 255
                },
                "SecondaryColor": {
                    "r": 217,
                    "g": 206,
                    "b": 214,
                    "a": 255
                }
            }
        }
    ]
}