{
    "DataType": "VariableCollectionData",
    "DataVersion": 0,
    "GameVersion": "0.3.5f3",
    "Variables": [
        {
            "DataType": "VariableData",
            "DataVersion": 0,
            "GameVersion": "0.3.5f3",
            "Name": "Completed_Contracts_Count",
            "Value": "375"
        },
        {
            "DataType": "VariableData",
            "DataVersion": 0,
            "GameVersion": "0.3.5f3",
            "Name": "Days_Since_Tutorial_Completed",
            "Value": "0"
        },
        {
            "DataType": "VariableData",
            "DataVersion": 0,
            "GameVersion": "0.3.5f3",
            "Name": "Loan_Sharks_Arrived",
            "Value": "False"
        },
        {
            "DataType": "VariableData",
            "DataVersion": 0,
            "GameVersion": "0.3.5f3",
            "Name": "Hours_Since_LoanSharks_Arrived",
            "Value": "0"
        },
        {
            "DataType": "VariableData",
            "DataVersion": 0,
            "GameVersion": "0.3.5f3",
            "Name": "Hours_Since_Cartel_Handover",
            "Value": "0"
        },
        {
            "DataType": "VariableData",
            "DataVersion": 0,
            "GameVersion": "0.3.5f3",
            "Name": "Hours_Until_CartelContract_Due",
            "Value": "168"
        },
        {
            "DataType": "VariableData",
            "DataVersion": 0,
            "GameVersion": "0.3.5f3",
            "Name": "Mins_Since_First_Plants_Done",
            "Value": "0"
        },
        {
            "DataType": "VariableData",
            "DataVersion": 0,
            "GameVersion": "0.3.5f3",
            "Name": "HarvestedPlantCount",
            "Value": "26"
        },
        {
            "DataType": "VariableData",
            "DataVersion": 0,
            "GameVersion": "0.3.5f3",
            "Name": "PackagedProductCount",
            "Value": "255"
        },
        {
            "DataType": "VariableData",
            "DataVersion": 0,
            "GameVersion": "0.3.5f3",
            "Name": "SownSeedsCount",
            "Value": "20"
        },
        {
            "DataType": "VariableData",
            "DataVersion": 0,
            "GameVersion": "0.3.5f3",
            "Name": "WateredPotsCount",
            "Value": "23"
        },
        {
            "DataType": "VariableData",
            "DataVersion": 0,
            "GameVersion": "0.3.5f3",
            "Name": "SuccessfulSampleCount",
            "Value": "22"
        },
        {
            "DataType": "VariableData",
            "DataVersion": 0,
            "GameVersion": "0.3.5f3",
            "Name": "Deaddrops_Ordered",
            "Value": "14"
        },
        {
            "DataType": "VariableData",
            "DataVersion": 0,
            "GameVersion": "0.3.5f3",
            "Name": "ListedProductsCount",
            "Value": "1"
        },
        {
            "DataType": "VariableData",
            "DataVersion": 0,
            "GameVersion": "0.3.5f3",
            "Name": "Benji_CompletedDealCount",
            "Value": "188"
        },
        {
            "DataType": "VariableData",
            "DataVersion": 0,
            "GameVersion": "0.3.5f3",
            "Name": "ContainedTrashItems",
            "Value": "92"
        },
        {
            "DataType": "VariableData",
            "DataVersion": 0,
            "GameVersion": "0.3.5f3",
            "Name": "TrashContainersBagged",
            "Value": "10"
        },
        {
            "DataType": "VariableData",
            "DataVersion": 0,
            "GameVersion": "0.3.5f3",
            "Name": "Mixing_Operations_Started",
            "Value": "34"
        },
        {
            "DataType": "VariableData",
            "DataVersion": 0,
            "GameVersion": "0.3.5f3",
            "Name": "Mixing_Operations_Completed",
            "Value": "45"
        },
        {
            "DataType": "VariableData",
            "DataVersion": 0,
            "GameVersion": "0.3.5f3",
            "Name": "Chemical_Operations_Started",
            "Value": "4"
        },
        {
            "DataType": "VariableData",
            "DataVersion": 0,
            "GameVersion": "0.3.5f3",
            "Name": "Chemical_Operations_Completed",
            "Value": "33"
        },
        {
            "DataType": "VariableData",
            "DataVersion": 0,
            "GameVersion": "0.3.5f3",
            "Name": "Oven_Cooks_Completed",
            "Value": "9"
        },
        {
            "DataType": "VariableData",
            "DataVersion": 0,
            "GameVersion": "0.3.5f3",
            "Name": "Mixing_Operations_Collected",
            "Value": "46"
        },
        {
            "DataType": "VariableData",
            "DataVersion": 0,
            "GameVersion": "0.3.5f3",
            "Name": "SampleRejectionCount",
            "Value": "9"
        },
        {
            "DataType": "VariableData",
            "DataVersion": 0,
            "GameVersion": "0.3.5f3",
            "Name": "SecondUniqueProductDiscovered",
            "Value": "True"
        },
        {
            "DataType": "VariableData",
            "DataVersion": 0,
            "GameVersion": "0.3.5f3",
            "Name": "RunGameHighScore",
            "Value": "0"
        },
        {
            "DataType": "VariableData",
            "DataVersion": 0,
            "GameVersion": "0.3.5f3",
            "Name": "RayIntroSent",
            "Value": "False"
        },
        {
            "DataType": "VariableData",
            "DataVersion": 0,
            "GameVersion": "0.3.5f3",
            "Name": "LaunderingOperationsStarted",
            "Value": "0"
        },
        {
            "DataType": "VariableData",
            "DataVersion": 0,
            "GameVersion": "0.3.5f3",
            "Name": "LaunderingOperationsCompleted",
            "Value": "0"
        },
        {
            "DataType": "VariableData",
            "DataVersion": 0,
            "GameVersion": "0.3.5f3",
            "Name": "WarehouseUnlocked",
            "Value": "True"
        },
        {
            "DataType": "VariableData",
            "DataVersion": 0,
            "GameVersion": "0.3.5f3",
            "Name": "ShirleyDeaddropOrders",
            "Value": "8"
        },
        {
            "DataType": "VariableData",
            "DataVersion": 0,
            "GameVersion": "0.3.5f3",
            "Name": "ClipboardAcquired",
            "Value": "True"
        },
        {
            "DataType": "VariableData",
            "DataVersion": 0,
            "GameVersion": "0.3.5f3",
            "Name": "LifetimeEmployeesRecruited",
            "Value": "9"
        },
        {
            "DataType": "VariableData",
            "DataVersion": 0,
            "GameVersion": "0.3.5f3",
            "Name": "chemistrystation_acquired",
            "Value": "4"
        },
        {
            "DataType": "VariableData",
            "DataVersion": 0,
            "GameVersion": "0.3.5f3",
            "Name": "laboven_acquired",
            "Value": "4"
        },
        {
            "DataType": "VariableData",
            "DataVersion": 0,
            "GameVersion": "0.3.5f3",
            "Name": "acid_acquired",
            "Value": "142"
        },
        {
            "DataType": "VariableData",
            "DataVersion": 0,
            "GameVersion": "0.3.5f3",
            "Name": "phosphorus_acquired",
            "Value": "132"
        }
    ]
}