{
    "DataType": "WorldStorageEntitiesData",
    "DataVersion": 0,
    "GameVersion": "0.3.5f3",
    "Entities": [
        {
            "DataType": "WorldStorageEntityData",
            "DataVersion": 0,
            "GameVersion": "0.3.5f3",
            "GUID": "35c1574a-d7db-4712-9745-4e219d9918e6",
            "Contents": {
                "Items": [
                    "{\"DataType\":\"ItemData\",\"DataVersion\":0,\"GameVersion\":\"0.3.5f3\",\"ID\":\"horsesemen\",\"Quantity\":1}",
                    "{\"DataType\":\"ItemData\",\"DataVersion\":0,\"GameVersion\":\"0.3.5f3\",\"ID\":\"addy\",\"Quantity\":1}",
                    "{\"DataType\":\"ItemData\",\"DataVersion\":0,\"GameVersion\":\"0.3.5f3\",\"ID\":\"banana\",\"Quantity\":1}",
                    "{\"DataType\":\"ItemData\",\"DataVersion\":0,\"GameVersion\":\"0.3.5f3\",\"ID\":\"\",\"Quantity\":0}",
                    "{\"DataType\":\"ItemData\",\"DataVersion\":0,\"GameVersion\":\"0.3.5f3\",\"ID\":\"\",\"Quantity\":0}"
                ]
            }
        },
        {
            "DataType": "WorldStorageEntityData",
            "DataVersion": 0,
            "GameVersion": "0.3.5f3",
            "GUID": "9c4b8fa0-5a7f-406a-9229-140c2b6062b5",
            "Contents": {
                "Items": [
                    "{\"DataType\":\"ItemData\",\"DataVersion\":0,\"GameVersion\":\"0.3.5f3\",\"ID\":\"\",\"Quantity\":0}",
                    "{\"DataType\":\"ItemData\",\"DataVersion\":0,\"GameVersion\":\"0.3.5f3\",\"ID\":\"\",\"Quantity\":0}",
                    "{\"DataType\":\"CashData\",\"DataVersion\":0,\"GameVersion\":\"0.3.5f3\",\"ID\":\"cash\",\"Quantity\":1,\"CashBalance\":800.0}",
                    "{\"DataType\":\"CashData\",\"DataVersion\":0,\"GameVersion\":\"0.3.5f3\",\"ID\":\"cash\",\"Quantity\":1,\"CashBalance\":1000.0}",
                    "{\"DataType\":\"CashData\",\"DataVersion\":0,\"GameVersion\":\"0.3.5f3\",\"ID\":\"cash\",\"Quantity\":1,\"CashBalance\":1000.0}"
                ]
            }
        },
        {
            "DataType": "WorldStorageEntityData",
            "DataVersion": 0,
            "GameVersion": "0.3.5f3",
            "GUID": "5397778b-2463-4b1e-9f61-9ba06265627d",
            "Contents": {
                "Items": [
                    "{\"DataType\":\"ItemData\",\"DataVersion\":0,\"GameVersion\":\"0.3.5f3\",\"ID\":\"\",\"Quantity\":0}",
                    "{\"DataType\":\"CashData\",\"DataVersion\":0,\"GameVersion\":\"0.3.5f3\",\"ID\":\"cash\",\"Quantity\":1,\"CashBalance\":1000.0}",
                    "{\"DataType\":\"ItemData\",\"DataVersion\":0,\"GameVersion\":\"0.3.5f3\",\"ID\":\"\",\"Quantity\":0}",
                    "{\"DataType\":\"ItemData\",\"DataVersion\":0,\"GameVersion\":\"0.3.5f3\",\"ID\":\"\",\"Quantity\":0}",
                    "{\"DataType\":\"ItemData\",\"DataVersion\":0,\"GameVersion\":\"0.3.5f3\",\"ID\":\"\",\"Quantity\":0}"
                ]
            }
        },
        {
            "DataType": "WorldStorageEntityData",
            "DataVersion": 0,
            "GameVersion": "0.3.5f3",
            "GUID": "f8eda06d-235f-4ba6-ab49-a8c84c7c6dba",
            "Contents": {
                "Items": [
                    "{\"DataType\":\"ItemData\",\"DataVersion\":0,\"GameVersion\":\"0.3.5f3\",\"ID\":\"acid\",\"Quantity\":1}",
                    "{\"DataType\":\"ItemData\",\"DataVersion\":0,\"GameVersion\":\"0.3.5f3\",\"ID\":\"phosphorus\",\"Quantity\":1}",
                    "{\"DataType\":\"ItemData\",\"DataVersion\":0,\"GameVersion\":\"0.3.5f3\",\"ID\":\"\",\"Quantity\":0}",
                    "{\"DataType\":\"ItemData\",\"DataVersion\":0,\"GameVersion\":\"0.3.5f3\",\"ID\":\"\",\"Quantity\":0}",
                    "{\"DataType\":\"ItemData\",\"DataVersion\":0,\"GameVersion\":\"0.3.5f3\",\"ID\":\"\",\"Quantity\":0}"
                ]
            }
        }
    ]
}