{
    "DataType": "CustomerData",
    "DataVersion": 0,
    "GameVersion": "0.3.5f3",
    "Dependence": 0.20000000298023225,
    "PurchaseableProducts": [
        "californiasmegma"
    ],
    "ProductAffinities": [
        NaN,
        0.8848223686218262,
        -0.219307541847229
    ],
    "TimeSinceLastDealCompleted": 4214,
    "TimeSinceLastDealOffered": 2997,
    "OfferedDeals": 14,
    "CompletedDeals": 9,
    "IsContractOffered": true,
    "OfferedContract": {
        "Payment": 190.0,
        "Products": {
            "entries": [
                {
                    "ProductID": "californiasmegma",
                    "Quality": 2,
                    "Quantity": 1
                }
            ]
        },
        "DeliveryLocationGUID": "44a13b39-9939-4004-87b6-d596e726ef3b",
        "DeliveryWindow": {
            "IsEnabled": true,
            "WindowStartTime": 0,
            "WindowEndTime": 0
        },
        "Expires": true,
        "ExpiresAfter": 1,
        "PickupScheduleIndex": 0,
        "IsCounterOffer": false
    },
    "OfferedContractTime": {
        "elapsedDays": 32,
        "time": 2215
    },
    "TimeSincePlayerApproached": 1076197,
    "TimeSinceInstantDealOffered": 30728,
    "HasBeenRecommended": false
}