{
    "DataType": "CustomerData",
    "DataVersion": 0,
    "GameVersion": "0.3.5f3",
    "Dependence": 0.5625,
    "PurchaseableProducts": [
        "californiasmegma"
    ],
    "ProductAffinities": [
        0.9700911045074463,
        1.0,
        -0.219307541847229
    ],
    "TimeSinceLastDealCompleted": 39093,
    "TimeSinceLastDealOffered": 38493,
    "OfferedDeals": 23,
    "CompletedDeals": 13,
    "IsContractOffered": false,
    "OfferedContract": {
        "Payment": 0.0,
        "Products": {
            "entries": []
        },
        "DeliveryLocationGUID": "",
        "DeliveryWindow": {
            "IsEnabled": false,
            "WindowStartTime": 1200,
            "WindowEndTime": 1800
        },
        "Expires": false,
        "ExpiresAfter": 0,
        "PickupScheduleIndex": 0,
        "IsCounterOffer": false
    },
    "OfferedContractTime": {
        "elapsedDays": 49,
        "time": 400
    },
    "TimeSincePlayerApproached": 1126481,
    "TimeSinceInstantDealOffered": 81012,
    "HasBeenRecommended": false
}