{
    "DataType": "CustomerData",
    "DataVersion": 0,
    "GameVersion": "0.3.5f3",
    "Dependence": 0.0,
    "PurchaseableProducts": [
        "californiasmegma"
    ],
    "ProductAffinities": [
        NaN,
        0.7798223495483398,
        -0.219307541847229
    ],
    "TimeSinceLastDealCompleted": 4483,
    "TimeSinceLastDealOffered": 512,
    "OfferedDeals": 9,
    "CompletedDeals": 5,
    "IsContractOffered": false,
    "OfferedContract": {
        "Payment": 0.0,
        "Products": {
            "entries": []
        },
        "DeliveryLocationGUID": "",
        "DeliveryWindow": {
            "IsEnabled": false,
            "WindowStartTime": 1200,
            "WindowEndTime": 1800
        },
        "Expires": false,
        "ExpiresAfter": 0,
        "PickupScheduleIndex": 0,
        "IsCounterOffer": false
    },
    "OfferedContractTime": {
        "elapsedDays": 28,
        "time": 2215
    },
    "TimeSincePlayerApproached": 1044134,
    "TimeSinceInstantDealOffered": 1938,
    "HasBeenRecommended": false
}