{
    "DataType": "CustomerData",
    "DataVersion": 0,
    "GameVersion": "0.3.5f3",
    "Dependence": 0.612500011920929,
    "PurchaseableProducts": [
        "gorillashart"
    ],
    "ProductAffinities": [
        0.5270000100135803,
        0.08799999952316284,
        0.546999990940094
    ],
    "TimeSinceLastDealCompleted": 44782,
    "TimeSinceLastDealOffered": 39555,
    "OfferedDeals": 8,
    "CompletedDeals": 4,
    "IsContractOffered": false,
    "OfferedContract": {
        "Payment": 0.0,
        "Products": {
            "entries": []
        },
        "DeliveryLocationGUID": "",
        "DeliveryWindow": {
            "IsEnabled": false,
            "WindowStartTime": 1200,
            "WindowEndTime": 1800
        },
        "Expires": false,
        "ExpiresAfter": 0,
        "PickupScheduleIndex": 0,
        "IsCounterOffer": false
    },
    "OfferedContractTime": {
        "elapsedDays": 48,
        "time": 1600
    },
    "TimeSincePlayerApproached": 1126479,
    "TimeSinceInstantDealOffered": 1126479,
    "HasBeenRecommended": false
}