{
    "DataType": "SoilPourerData",
    "DataVersion": 0,
    "GameVersion": "0.3.5f3",
    "GUID": "8a6c21e2-bb4b-4d89-a3d4-937d363b4fff",
    "ItemString": "{\n    \"DataType\": \"ItemData\",\n    \"DataVersion\": 0,\n    \"GameVersion\": \"0.3.5f3\",\n    \"ID\": \"soilpourer\",\n    \"Quantity\": 1\n}",
    "LoadOrder": 0,
    "GridGUID": "fa2d9b23-eb58-43ae-8f8b-7c37a132a46e",
    "OriginCoordinate": {
        "x": 23.0,
        "y": 25.0
    },
    "Rotation": 0,
    "SoilID": "extralonglifesoil"
}