{
    "DataType": "PlaceableStorageData",
    "DataVersion": 0,
    "GameVersion": "0.3.5f3",
    "GUID": "d50905e7-4295-4740-a227-da8d2ffbc700",
    "ItemString": "{\n    \"DataType\": \"ItemData\",\n    \"DataVersion\": 0,\n    \"GameVersion\": \"0.3.5f3\",\n    \"ID\": \"largestoragerack\",\n    \"Quantity\": 1\n}",
    "LoadOrder": 0,
    "GridGUID": "fa2d9b23-eb58-43ae-8f8b-7c37a132a46e",
    "OriginCoordinate": {
        "x": 30.0,
        "y": 26.0
    },
    "Rotation": -90,
    "Contents": {
        "Items": [
            "{\"DataType\":\"CocaineData\",\"DataVersion\":0,\"GameVersion\":\"0.3.5f3\",\"ID\":\"gorillashart\",\"Quantity\":2,\"Quality\":\"Heavenly\",\"PackagingID\":\"baggie\"}",
            "{\"DataType\":\"CocaineData\",\"DataVersion\":0,\"GameVersion\":\"0.3.5f3\",\"ID\":\"fatbud\",\"Quantity\":10,\"Quality\":\"Heavenly\",\"PackagingID\":\"\"}",
            "{\"DataType\":\"CocaineData\",\"DataVersion\":0,\"GameVersion\":\"0.3.5f3\",\"ID\":\"cocaine\",\"Quantity\":9,\"Quality\":\"Heavenly\",\"PackagingID\":\"\"}",
            "{\"DataType\":\"ItemData\",\"DataVersion\":0,\"GameVersion\":\"0.3.5f3\",\"ID\":\"electrictrimmers\",\"Quantity\":1}",
            "{\"DataType\":\"ItemData\",\"DataVersion\":0,\"GameVersion\":\"0.3.5f3\",\"ID\":\"\",\"Quantity\":0}",
            "{\"DataType\":\"ItemData\",\"DataVersion\":0,\"GameVersion\":\"0.3.5f3\",\"ID\":\"\",\"Quantity\":0}",
            "{\"DataType\":\"ItemData\",\"DataVersion\":0,\"GameVersion\":\"0.3.5f3\",\"ID\":\"\",\"Quantity\":0}",
            "{\"DataType\":\"ItemData\",\"DataVersion\":0,\"GameVersion\":\"0.3.5f3\",\"ID\":\"\",\"Quantity\":0}"
        ]
    }
}