{
    "DataType": "CustomerData",
    "DataVersion": 0,
    "GameVersion": "0.3.5f3",
    "Dependence": 1.0,
    "PurchaseableProducts": [
        "californiasmegma"
    ],
    "ProductAffinities": [
        0.7300000190734863,
        0.6300000548362732,
        0.8600000143051148
    ],
    "TimeSinceLastDealCompleted": 439,
    "TimeSinceLastDealOffered": 531,
    "OfferedDeals": 12,
    "CompletedDeals": 8,
    "IsContractOffered": false,
    "OfferedContract": {
        "Payment": 0.0,
        "Products": {
            "entries": []
        },
        "DeliveryLocationGUID": "",
        "DeliveryWindow": {
            "IsEnabled": false,
            "WindowStartTime": 1200,
            "WindowEndTime": 1800
        },
        "Expires": false,
        "ExpiresAfter": 0,
        "PickupScheduleIndex": 0,
        "IsCounterOffer": false
    },
    "OfferedContractTime": {
        "elapsedDays": 28,
        "time": 2155
    },
    "TimeSincePlayerApproached": 1044131,
    "TimeSinceInstantDealOffered": 7160,
    "HasBeenRecommended": false
}