{
    "DataType": "CustomerData",
    "DataVersion": 0,
    "GameVersion": "0.3.5f3",
    "Dependence": 1.0,
    "PurchaseableProducts": [
        "californiasmegma"
    ],
    "ProductAffinities": [
        0.7300000190734863,
        1.0,
        0.8600000143051148
    ],
    "TimeSinceLastDealCompleted": 2939,
    "TimeSinceLastDealOffered": 3017,
    "OfferedDeals": 16,
    "CompletedDeals": 12,
    "IsContractOffered": false,
    "OfferedContract": {
        "Payment": 0.0,
        "Products": {
            "entries": []
        },
        "DeliveryLocationGUID": "",
        "DeliveryWindow": {
            "IsEnabled": false,
            "WindowStartTime": 1200,
            "WindowEndTime": 1800
        },
        "Expires": false,
        "ExpiresAfter": 0,
        "PickupScheduleIndex": 0,
        "IsCounterOffer": false
    },
    "OfferedContractTime": {
        "elapsedDays": 32,
        "time": 2155
    },
    "TimeSincePlayerApproached": 1076194,
    "TimeSinceInstantDealOffered": 5003,
    "HasBeenRecommended": false
}