{
    "DataType": "CustomerData",
    "DataVersion": 0,
    "GameVersion": "0.3.5f3",
    "Dependence": 0.8125,
    "PurchaseableProducts": [],
    "ProductAffinities": [
        1.0,
        1.0,
        0.25126001238822939
    ],
    "TimeSinceLastDealCompleted": 43504,
    "TimeSinceLastDealOffered": 43623,
    "OfferedDeals": 31,
    "CompletedDeals": 25,
    "IsContractOffered": false,
    "OfferedContract": {
        "Payment": 0.0,
        "Products": {
            "entries": []
        },
        "DeliveryLocationGUID": "",
        "DeliveryWindow": {
            "IsEnabled": false,
            "WindowStartTime": 1200,
            "WindowEndTime": 1800
        },
        "Expires": false,
        "ExpiresAfter": 0,
        "PickupScheduleIndex": 0,
        "IsCounterOffer": false
    },
    "OfferedContractTime": {
        "elapsedDays": 0,
        "time": 0
    },
    "TimeSincePlayerApproached": 1126479,
    "TimeSinceInstantDealOffered": 79776,
    "HasBeenRecommended": false
}