{
    "DataType": "CustomerData",
    "DataVersion": 0,
    "GameVersion": "0.3.5f3",
    "Dependence": 1.0,
    "PurchaseableProducts": [
        "californiasmegma"
    ],
    "ProductAffinities": [
        1.0,
        0.9900000095367432,
        0.15000000596046449
    ],
    "TimeSinceLastDealCompleted": 1316,
    "TimeSinceLastDealOffered": 1336,
    "OfferedDeals": 23,
    "CompletedDeals": 22,
    "IsContractOffered": false,
    "OfferedContract": {
        "Payment": 0.0,
        "Products": {
            "entries": []
        },
        "DeliveryLocationGUID": "",
        "DeliveryWindow": {
            "IsEnabled": false,
            "WindowStartTime": 1200,
            "WindowEndTime": 1800
        },
        "Expires": false,
        "ExpiresAfter": 0,
        "PickupScheduleIndex": 0,
        "IsCounterOffer": false
    },
    "OfferedContractTime": {
        "elapsedDays": 28,
        "time": 830
    },
    "TimeSincePlayerApproached": 44131,
    "TimeSinceInstantDealOffered": 33913,
    "HasBeenRecommended": false
}