{
    "DataType": "PotData",
    "DataVersion": 0,
    "GameVersion": "0.3.5f3",
    "GUID": "a7af27d3-02bb-40bd-8953-2410a653d2a3",
    "ItemString": "{\n    \"DataType\": \"ItemData\",\n    \"DataVersion\": 0,\n    \"GameVersion\": \"0.3.5f3\",\n    \"ID\": \"airpot\",\n    \"Quantity\": 1\n}",
    "LoadOrder": 0,
    "GridGUID": "fa2d9b23-eb58-43ae-8f8b-7c37a132a46e",
    "OriginCoordinate": {
        "x": 26.0,
        "y": 26.0
    },
    "Rotation": -90,
    "SoilID": "extralonglifesoil",
    "SoilLevel": 20.0,
    "RemainingSoilUses": 3,
    "WaterLevel": 1.2666773796081544,
    "AppliedAdditives": [],
    "PlantData": {
        "DataType": "PlantData",
        "DataVersion": 0,
        "GameVersion": "0.3.5f3",
        "SeedID": "sourdieselseed",
        "GrowthProgress": 0.7790172696113586,
        "YieldLevel": 1.0,
        "QualityLevel": 0.5,
        "ActiveBuds": []
    }
}