{
    "DataType": "CustomerData",
    "DataVersion": 0,
    "GameVersion": "0.3.5f3",
    "Dependence": 0.13750000298023225,
    "PurchaseableProducts": [
        "californiasmegma"
    ],
    "ProductAffinities": [
        NaN,
        0.21485364437103272,
        0.1664646863937378
    ],
    "TimeSinceLastDealCompleted": 4645,
    "TimeSinceLastDealOffered": 3507,
    "OfferedDeals": 9,
    "CompletedDeals": 6,
    "IsContractOffered": false,
    "OfferedContract": {
        "Payment": 0.0,
        "Products": {
            "entries": []
        },
        "DeliveryLocationGUID": "",
        "DeliveryWindow": {
            "IsEnabled": false,
            "WindowStartTime": 1200,
            "WindowEndTime": 1800
        },
        "Expires": false,
        "ExpiresAfter": 0,
        "PickupScheduleIndex": 0,
        "IsCounterOffer": false
    },
    "OfferedContractTime": {
        "elapsedDays": 32,
        "time": 1345
    },
    "TimeSincePlayerApproached": 1076195,
    "TimeSinceInstantDealOffered": 1076195,
    "HasBeenRecommended": false
}