{
    "DataType": "CustomerData",
    "DataVersion": 0,
    "GameVersion": "0.3.5f3",
    "Dependence": 0.0,
    "PurchaseableProducts": [
        "californiasmegma"
    ],
    "ProductAffinities": [
        NaN,
        0.10985362529754639,
        0.1664646863937378
    ],
    "TimeSinceLastDealCompleted": 3989,
    "TimeSinceLastDealOffered": 1021,
    "OfferedDeals": 5,
    "CompletedDeals": 3,
    "IsContractOffered": false,
    "OfferedContract": {
        "Payment": 0.0,
        "Products": {
            "entries": []
        },
        "DeliveryLocationGUID": "",
        "DeliveryWindow": {
            "IsEnabled": false,
            "WindowStartTime": 1200,
            "WindowEndTime": 1800
        },
        "Expires": false,
        "ExpiresAfter": 0,
        "PickupScheduleIndex": 0,
        "IsCounterOffer": false
    },
    "OfferedContractTime": {
        "elapsedDays": 28,
        "time": 1345
    },
    "TimeSincePlayerApproached": 1044132,
    "TimeSinceInstantDealOffered": 1044132,
    "HasBeenRecommended": false
}