{
    "DataType": "CustomerData",
    "DataVersion": 0,
    "GameVersion": "0.3.5f3",
    "Dependence": 0.9375,
    "PurchaseableProducts": [],
    "ProductAffinities": [
        0.6550000309944153,
        1.0,
        0.8600000143051148
    ],
    "TimeSinceLastDealCompleted": 3886,
    "TimeSinceLastDealOffered": 3979,
    "OfferedDeals": 22,
    "CompletedDeals": 17,
    "IsContractOffered": false,
    "OfferedContract": {
        "Payment": 0.0,
        "Products": {
            "entries": []
        },
        "DeliveryLocationGUID": "",
        "DeliveryWindow": {
            "IsEnabled": false,
            "WindowStartTime": 1200,
            "WindowEndTime": 1800
        },
        "Expires": false,
        "ExpiresAfter": 0,
        "PickupScheduleIndex": 0,
        "IsCounterOffer": false
    },
    "OfferedContractTime": {
        "elapsedDays": 0,
        "time": 0
    },
    "TimeSincePlayerApproached": 1086949,
    "TimeSinceInstantDealOffered": 15758,
    "HasBeenRecommended": false
}