{
    "DataType": "CustomerData",
    "DataVersion": 0,
    "GameVersion": "0.3.5f3",
    "Dependence": 1.0,
    "PurchaseableProducts": [
        "californiasmegma"
    ],
    "ProductAffinities": [
        0.6615000367164612,
        1.0,
        -0.27000001072883608
    ],
    "TimeSinceLastDealCompleted": 37,
    "TimeSinceLastDealOffered": 2198,
    "OfferedDeals": 32,
    "CompletedDeals": 28,
    "IsContractOffered": false,
    "OfferedContract": {
        "Payment": 0.0,
        "Products": {
            "entries": []
        },
        "DeliveryLocationGUID": "",
        "DeliveryWindow": {
            "IsEnabled": false,
            "WindowStartTime": 1200,
            "WindowEndTime": 1800
        },
        "Expires": false,
        "ExpiresAfter": 0,
        "PickupScheduleIndex": 0,
        "IsCounterOffer": false
    },
    "OfferedContractTime": {
        "elapsedDays": 33,
        "time": 400
    },
    "TimeSincePlayerApproached": 76194,
    "TimeSinceInstantDealOffered": 66262,
    "HasBeenRecommended": false
}