{
    "DataType": "CustomerData",
    "DataVersion": 0,
    "GameVersion": "0.3.5f3",
    "Dependence": 1.0,
    "PurchaseableProducts": [
        "californiasmegma"
    ],
    "ProductAffinities": [
        1.0,
        1.0,
        0.25999999046325686
    ],
    "TimeSinceLastDealCompleted": 807,
    "TimeSinceLastDealOffered": 986,
    "OfferedDeals": 20,
    "CompletedDeals": 19,
    "IsContractOffered": false,
    "OfferedContract": {
        "Payment": 0.0,
        "Products": {
            "entries": []
        },
        "DeliveryLocationGUID": "",
        "DeliveryWindow": {
            "IsEnabled": false,
            "WindowStartTime": 1200,
            "WindowEndTime": 1800
        },
        "Expires": false,
        "ExpiresAfter": 0,
        "PickupScheduleIndex": 0,
        "IsCounterOffer": false
    },
    "OfferedContractTime": {
        "elapsedDays": 28,
        "time": 1420
    },
    "TimeSincePlayerApproached": 1044131,
    "TimeSinceInstantDealOffered": 1044131,
    "HasBeenRecommended": false
}