{
    "DataType": "CustomerData",
    "DataVersion": 0,
    "GameVersion": "0.3.5f3",
    "Dependence": 0.875,
    "PurchaseableProducts": [],
    "ProductAffinities": [
        0.925000011920929,
        1.0,
        0.24973881244659425
    ],
    "TimeSinceLastDealCompleted": 4252,
    "TimeSinceLastDealOffered": 4394,
    "OfferedDeals": 32,
    "CompletedDeals": 27,
    "IsContractOffered": false,
    "OfferedContract": {
        "Payment": 0.0,
        "Products": {
            "entries": []
        },
        "DeliveryLocationGUID": "",
        "DeliveryWindow": {
            "IsEnabled": false,
            "WindowStartTime": 1200,
            "WindowEndTime": 1800
        },
        "Expires": false,
        "ExpiresAfter": 0,
        "PickupScheduleIndex": 0,
        "IsCounterOffer": false
    },
    "OfferedContractTime": {
        "elapsedDays": 0,
        "time": 0
    },
    "TimeSincePlayerApproached": 1086950,
    "TimeSinceInstantDealOffered": 5630,
    "HasBeenRecommended": false
}