{
    "DataType": "ProceduralGridItemData",
    "DataVersion": 0,
    "GameVersion": "0.3.5f3",
    "GUID": "c9b35bb9-aa1f-4696-963c-4756532e8ec8",
    "ItemString": "{\n    \"DataType\": \"ItemData\",\n    \"DataVersion\": 0,\n    \"GameVersion\": \"0.3.5f3\",\n    \"ID\": \"fullspectrumgrowlight\",\n    \"Quantity\": 1\n}",
    "LoadOrder": 50,
    "Rotation": 0,
    "FootprintMatches": [
        {
            "TileOwnerGUID": "bcb8c099-f6ff-4f88-819b-f7b5d797b1e1",
            "TileIndex": 2,
            "FootprintCoordinate": {
                "x": 0.0,
                "y": 0.0
            }
        },
        {
            "TileOwnerGUID": "bcb8c099-f6ff-4f88-819b-f7b5d797b1e1",
            "TileIndex": 1,
            "FootprintCoordinate": {
                "x": 0.0,
                "y": 1.0
            }
        },
        {
            "TileOwnerGUID": "bcb8c099-f6ff-4f88-819b-f7b5d797b1e1",
            "TileIndex": 3,
            "FootprintCoordinate": {
                "x": 1.0,
                "y": 0.0
            }
        },
        {
            "TileOwnerGUID": "bcb8c099-f6ff-4f88-819b-f7b5d797b1e1",
            "TileIndex": 0,
            "FootprintCoordinate": {
                "x": 1.0,
                "y": 1.0
            }
        }
    ]
}