{
    "DataType": "CustomerData",
    "DataVersion": 0,
    "GameVersion": "0.3.5f3",
    "Dependence": 0.0,
    "PurchaseableProducts": [
        "gorillashart"
    ],
    "ProductAffinities": [
        -0.5712406635284424,
        -0.38329994678497317,
        0.2680961787700653
    ],
    "TimeSinceLastDealCompleted": 1126479,
    "TimeSinceLastDealOffered": 1126479,
    "OfferedDeals": 0,
    "CompletedDeals": 0,
    "IsContractOffered": false,
    "OfferedContract": {
        "Payment": 0.0,
        "Products": {
            "entries": []
        },
        "DeliveryLocationGUID": "",
        "DeliveryWindow": {
            "IsEnabled": false,
            "WindowStartTime": 1200,
            "WindowEndTime": 1800
        },
        "Expires": false,
        "ExpiresAfter": 0,
        "PickupScheduleIndex": 0,
        "IsCounterOffer": false
    },
    "OfferedContractTime": {
        "elapsedDays": 0,
        "time": 0
    },
    "TimeSincePlayerApproached": 1126479,
    "TimeSinceInstantDealOffered": 1126479,
    "HasBeenRecommended": false
}