{
    "DataType": "CustomerData",
    "DataVersion": 0,
    "GameVersion": "0.3.5f3",
    "Dependence": 0.0,
    "PurchaseableProducts": [
        "gorillashart"
    ],
    "ProductAffinities": [
        0.8908476829528809,
        -0.8917253017425537,
        0.6696105003356934
    ],
    "TimeSinceLastDealCompleted": 1086952,
    "TimeSinceLastDealOffered": 86,
    "OfferedDeals": 1,
    "CompletedDeals": 0,
    "IsContractOffered": true,
    "OfferedContract": {
        "Payment": 4820.0,
        "Products": {
            "entries": [
                {
                    "ProductID": "gorillashart",
                    "Quality": 3,
                    "Quantity": 8
                }
            ]
        },
        "DeliveryLocationGUID": "6f09dcf9-0c51-45f3-8bd9-6a0b5c8cea1f",
        "DeliveryWindow": {
            "IsEnabled": true,
            "WindowStartTime": 0,
            "WindowEndTime": 0
        },
        "Expires": true,
        "ExpiresAfter": 1,
        "PickupScheduleIndex": 0,
        "IsCounterOffer": false
    },
    "OfferedContractTime": {
        "elapsedDays": 48,
        "time": 1500
    },
    "TimeSincePlayerApproached": 1086952,
    "TimeSinceInstantDealOffered": 1086952,
    "HasBeenRecommended": false
}