{
    "DataType": "CustomerData",
    "DataVersion": 0,
    "GameVersion": "0.3.5f3",
    "Dependence": 0.875,
    "PurchaseableProducts": [],
    "ProductAffinities": [
        -0.1873750388622284,
        1.0,
        0.3700000047683716
    ],
    "TimeSinceLastDealCompleted": 4064,
    "TimeSinceLastDealOffered": 4124,
    "OfferedDeals": 32,
    "CompletedDeals": 28,
    "IsContractOffered": false,
    "OfferedContract": {
        "Payment": 0.0,
        "Products": {
            "entries": []
        },
        "DeliveryLocationGUID": "",
        "DeliveryWindow": {
            "IsEnabled": false,
            "WindowStartTime": 1200,
            "WindowEndTime": 1800
        },
        "Expires": false,
        "ExpiresAfter": 0,
        "PickupScheduleIndex": 0,
        "IsCounterOffer": false
    },
    "OfferedContractTime": {
        "elapsedDays": 0,
        "time": 0
    },
    "TimeSincePlayerApproached": 86950,
    "TimeSinceInstantDealOffered": 86950,
    "HasBeenRecommended": false
}