{
    "DataType": "PackagerData",
    "DataVersion": 0,
    "GameVersion": "0.3.5f3",
    "ID": "james_lee",
    "AssignedProperty": "barn",
    "FirstName": "James",
    "LastName": "Lee",
    "IsMale": true,
    "AppearanceIndex": 6,
    "Position": {
        "x": 181.85096740722657,
        "y": -0.008779296651482582,
        "z": -5.117489337921143
    },
    "Rotation": {
        "x": 0.0,
        "y": 0.7098637819290161,
        "z": 0.0,
        "w": -0.7043390274047852
    },
    "GUID": "b7b732df-9068-4e1c-8332-701fa445e59b",
    "PaidForToday": true,
    "MoveItemData": {
        "TemplateItemJSON": "",
        "GrabbedItemQuantity": 0,
        "SourceGUID": "",
        "DestinationGUID": ""
    }
}