{
    "DataType": "CustomerData",
    "DataVersion": 0,
    "GameVersion": "0.3.5f3",
    "Dependence": 1.0,
    "PurchaseableProducts": [
        "californiasmegma"
    ],
    "ProductAffinities": [
        0.8999999761581421,
        1.0,
        -0.15000000596046449
    ],
    "TimeSinceLastDealCompleted": 3534,
    "TimeSinceLastDealOffered": 3567,
    "OfferedDeals": 15,
    "CompletedDeals": 13,
    "IsContractOffered": false,
    "OfferedContract": {
        "Payment": 0.0,
        "Products": {
            "entries": []
        },
        "DeliveryLocationGUID": "",
        "DeliveryWindow": {
            "IsEnabled": false,
            "WindowStartTime": 1200,
            "WindowEndTime": 1800
        },
        "Expires": false,
        "ExpiresAfter": 0,
        "PickupScheduleIndex": 0,
        "IsCounterOffer": false
    },
    "OfferedContractTime": {
        "elapsedDays": 32,
        "time": 1245
    },
    "TimeSincePlayerApproached": 1076195,
    "TimeSinceInstantDealOffered": 50589,
    "HasBeenRecommended": false
}