{
    "DataType": "CustomerData",
    "DataVersion": 0,
    "GameVersion": "0.3.5f3",
    "Dependence": 1.0,
    "PurchaseableProducts": [
        "californiasmegma"
    ],
    "ProductAffinities": [
        0.8999999761581421,
        1.0,
        -0.15000000596046449
    ],
    "TimeSinceLastDealCompleted": 1063,
    "TimeSinceLastDealOffered": 1081,
    "OfferedDeals": 11,
    "CompletedDeals": 9,
    "IsContractOffered": false,
    "OfferedContract": {
        "Payment": 0.0,
        "Products": {
            "entries": []
        },
        "DeliveryLocationGUID": "",
        "DeliveryWindow": {
            "IsEnabled": false,
            "WindowStartTime": 1200,
            "WindowEndTime": 1800
        },
        "Expires": false,
        "ExpiresAfter": 0,
        "PickupScheduleIndex": 0,
        "IsCounterOffer": false
    },
    "OfferedContractTime": {
        "elapsedDays": 28,
        "time": 1245
    },
    "TimeSincePlayerApproached": 1044132,
    "TimeSinceInstantDealOffered": 18526,
    "HasBeenRecommended": false
}