{
    "DataType": "CustomerData",
    "DataVersion": 0,
    "GameVersion": "0.3.5f3",
    "Dependence": 0.8125,
    "PurchaseableProducts": [],
    "ProductAffinities": [
        0.8999999761581421,
        1.0,
        -0.15000000596046449
    ],
    "TimeSinceLastDealCompleted": 43860,
    "TimeSinceLastDealOffered": 44057,
    "OfferedDeals": 22,
    "CompletedDeals": 19,
    "IsContractOffered": false,
    "OfferedContract": {
        "Payment": 0.0,
        "Products": {
            "entries": []
        },
        "DeliveryLocationGUID": "",
        "DeliveryWindow": {
            "IsEnabled": false,
            "WindowStartTime": 1200,
            "WindowEndTime": 1800
        },
        "Expires": false,
        "ExpiresAfter": 0,
        "PickupScheduleIndex": 0,
        "IsCounterOffer": false
    },
    "OfferedContractTime": {
        "elapsedDays": 0,
        "time": 0
    },
    "TimeSincePlayerApproached": 1126479,
    "TimeSinceInstantDealOffered": 48512,
    "HasBeenRecommended": false
}