{
    "DataType": "CustomerData",
    "DataVersion": 0,
    "GameVersion": "0.3.5f3",
    "Dependence": 0.875,
    "PurchaseableProducts": [
        "californiasmegma"
    ],
    "ProductAffinities": [
        0.21081361174583436,
        1.0,
        -0.8023519515991211
    ],
    "TimeSinceLastDealCompleted": 4105,
    "TimeSinceLastDealOffered": 1036,
    "OfferedDeals": 24,
    "CompletedDeals": 20,
    "IsContractOffered": false,
    "OfferedContract": {
        "Payment": 0.0,
        "Products": {
            "entries": []
        },
        "DeliveryLocationGUID": "",
        "DeliveryWindow": {
            "IsEnabled": false,
            "WindowStartTime": 1200,
            "WindowEndTime": 1800
        },
        "Expires": false,
        "ExpiresAfter": 0,
        "PickupScheduleIndex": 0,
        "IsCounterOffer": false
    },
    "OfferedContractTime": {
        "elapsedDays": 28,
        "time": 1330
    },
    "TimeSincePlayerApproached": 1044162,
    "TimeSinceInstantDealOffered": 7194,
    "HasBeenRecommended": false
}