{
    "DataType": "PlaceableStorageData",
    "DataVersion": 0,
    "GameVersion": "0.3.5f3",
    "GUID": "525063d2-1c92-430c-9c69-0400ec08f60a",
    "ItemString": "{\n    \"DataType\": \"ItemData\",\n    \"DataVersion\": 0,\n    \"GameVersion\": \"0.3.5f3\",\n    \"ID\": \"largestoragerack\",\n    \"Quantity\": 1\n}",
    "LoadOrder": 0,
    "GridGUID": "fa2d9b23-eb58-43ae-8f8b-7c37a132a46e",
    "OriginCoordinate": {
        "x": 32.0,
        "y": 6.0
    },
    "Rotation": 0,
    "Contents": {
        "Items": [
            "{\"DataType\":\"MethData\",\"DataVersion\":0,\"GameVersion\":\"0.3.5f3\",\"ID\":\"californiasmegma\",\"Quantity\":20,\"Quality\":\"Poor\",\"PackagingID\":\"\"}",
            "{\"DataType\":\"MethData\",\"DataVersion\":0,\"GameVersion\":\"0.3.5f3\",\"ID\":\"californiasmegma\",\"Quantity\":20,\"Quality\":\"Poor\",\"PackagingID\":\"\"}",
            "{\"DataType\":\"MethData\",\"DataVersion\":0,\"GameVersion\":\"0.3.5f3\",\"ID\":\"californiasmegma\",\"Quantity\":20,\"Quality\":\"Poor\",\"PackagingID\":\"\"}",
            "{\"DataType\":\"MethData\",\"DataVersion\":0,\"GameVersion\":\"0.3.5f3\",\"ID\":\"californiasmegma\",\"Quantity\":20,\"Quality\":\"Poor\",\"PackagingID\":\"\"}",
            "{\"DataType\":\"MethData\",\"DataVersion\":0,\"GameVersion\":\"0.3.5f3\",\"ID\":\"californiasmegma\",\"Quantity\":20,\"Quality\":\"Standard\",\"PackagingID\":\"\"}",
            "{\"DataType\":\"MethData\",\"DataVersion\":0,\"GameVersion\":\"0.3.5f3\",\"ID\":\"californiasmegma\",\"Quantity\":20,\"Quality\":\"Standard\",\"PackagingID\":\"\"}",
            "{\"DataType\":\"MethData\",\"DataVersion\":0,\"GameVersion\":\"0.3.5f3\",\"ID\":\"californiasmegma\",\"Quantity\":10,\"Quality\":\"Standard\",\"PackagingID\":\"\"}",
            "{\"DataType\":\"ItemData\",\"DataVersion\":0,\"GameVersion\":\"0.3.5f3\",\"ID\":\"\",\"Quantity\":0}"
        ]
    }
}