{
    "DataType": "ProceduralGridItemData",
    "DataVersion": 0,
    "GameVersion": "0.3.5f3",
    "GUID": "b9331872-b730-4c32-8a62-4870a27baa8d",
    "ItemString": "{\n    \"DataType\": \"ItemData\",\n    \"DataVersion\": 0,\n    \"GameVersion\": \"0.3.5f3\",\n    \"ID\": \"fullspectrumgrowlight\",\n    \"Quantity\": 1\n}",
    "LoadOrder": 50,
    "Rotation": 0,
    "FootprintMatches": [
        {
            "TileOwnerGUID": "09c8b334-f589-4bb4-983d-4d520b1d1abf",
            "TileIndex": 2,
            "FootprintCoordinate": {
                "x": 0.0,
                "y": 0.0
            }
        },
        {
            "TileOwnerGUID": "09c8b334-f589-4bb4-983d-4d520b1d1abf",
            "TileIndex": 1,
            "FootprintCoordinate": {
                "x": 0.0,
                "y": 1.0
            }
        },
        {
            "TileOwnerGUID": "09c8b334-f589-4bb4-983d-4d520b1d1abf",
            "TileIndex": 3,
            "FootprintCoordinate": {
                "x": 1.0,
                "y": 0.0
            }
        },
        {
            "TileOwnerGUID": "09c8b334-f589-4bb4-983d-4d520b1d1abf",
            "TileIndex": 0,
            "FootprintCoordinate": {
                "x": 1.0,
                "y": 1.0
            }
        }
    ]
}