{
    "DataType": "CustomerData",
    "DataVersion": 0,
    "GameVersion": "0.3.5f3",
    "Dependence": 0.8125,
    "PurchaseableProducts": [
        "californiasmegma"
    ],
    "ProductAffinities": [
        1.0,
        0.7565399408340454,
        -0.6796560287475586
    ],
    "TimeSinceLastDealCompleted": 5886,
    "TimeSinceLastDealOffered": 962,
    "OfferedDeals": 22,
    "CompletedDeals": 19,
    "IsContractOffered": false,
    "OfferedContract": {
        "Payment": 0.0,
        "Products": {
            "entries": []
        },
        "DeliveryLocationGUID": "",
        "DeliveryWindow": {
            "IsEnabled": false,
            "WindowStartTime": 1200,
            "WindowEndTime": 1800
        },
        "Expires": false,
        "ExpiresAfter": 0,
        "PickupScheduleIndex": 0,
        "IsCounterOffer": false
    },
    "OfferedContractTime": {
        "elapsedDays": 28,
        "time": 1445
    },
    "TimeSincePlayerApproached": 1044134,
    "TimeSinceInstantDealOffered": 7099,
    "HasBeenRecommended": false
}