{
    "DataType": "LabOvenData",
    "DataVersion": 0,
    "GameVersion": "0.3.5f3",
    "GUID": "8dd56994-53c8-4d5a-955c-49bfb98eca1c",
    "ItemString": "{\n    \"DataType\": \"ItemData\",\n    \"DataVersion\": 0,\n    \"GameVersion\": \"0.3.5f3\",\n    \"ID\": \"laboven\",\n    \"Quantity\": 1\n}",
    "LoadOrder": 0,
    "GridGUID": "fa2d9b23-eb58-43ae-8f8b-7c37a132a46e",
    "OriginCoordinate": {
        "x": 5.0,
        "y": 0.0
    },
    "Rotation": 0,
    "InputContents": {
        "Items": [
            "{\"DataType\":\"QualityItemData\",\"DataVersion\":0,\"GameVersion\":\"0.3.5f3\",\"ID\":\"liquidmeth\",\"Quantity\":1,\"Quality\":\"Standard\"}"
        ]
    },
    "OutputContents": {
        "Items": [
            "{\"DataType\":\"MethData\",\"DataVersion\":0,\"GameVersion\":\"0.3.5f3\",\"ID\":\"meth\",\"Quantity\":20,\"Quality\":\"Standard\",\"PackagingID\":\"\"}"
        ]
    },
    "CurrentIngredientID": "",
    "CurrentIngredientQuantity": 0,
    "CurrentIngredientQuality": 2,
    "CurrentProductID": "",
    "CurrentCookProgress": 0
}