{
    "DataType": "CustomerData",
    "DataVersion": 0,
    "GameVersion": "0.3.5f3",
    "Dependence": 1.0,
    "PurchaseableProducts": [
        "californiasmegma"
    ],
    "ProductAffinities": [
        1.0,
        1.0,
        -0.6100000143051148
    ],
    "TimeSinceLastDealCompleted": 3262,
    "TimeSinceLastDealOffered": 3342,
    "OfferedDeals": 28,
    "CompletedDeals": 26,
    "IsContractOffered": false,
    "OfferedContract": {
        "Payment": 0.0,
        "Products": {
            "entries": []
        },
        "DeliveryLocationGUID": "",
        "DeliveryWindow": {
            "IsEnabled": false,
            "WindowStartTime": 1200,
            "WindowEndTime": 1800
        },
        "Expires": false,
        "ExpiresAfter": 0,
        "PickupScheduleIndex": 0,
        "IsCounterOffer": false
    },
    "OfferedContractTime": {
        "elapsedDays": 32,
        "time": 1630
    },
    "TimeSincePlayerApproached": 76194,
    "TimeSinceInstantDealOffered": 40811,
    "HasBeenRecommended": false
}