{
    "DataType": "CustomerData",
    "DataVersion": 0,
    "GameVersion": "0.3.5f3",
    "Dependence": 1.0,
    "PurchaseableProducts": [
        "californiasmegma"
    ],
    "ProductAffinities": [
        1.0,
        1.0,
        -0.6100000143051148
    ],
    "TimeSinceLastDealCompleted": 720,
    "TimeSinceLastDealOffered": 856,
    "OfferedDeals": 24,
    "CompletedDeals": 22,
    "IsContractOffered": false,
    "OfferedContract": {
        "Payment": 0.0,
        "Products": {
            "entries": []
        },
        "DeliveryLocationGUID": "",
        "DeliveryWindow": {
            "IsEnabled": false,
            "WindowStartTime": 1200,
            "WindowEndTime": 1800
        },
        "Expires": false,
        "ExpiresAfter": 0,
        "PickupScheduleIndex": 0,
        "IsCounterOffer": false
    },
    "OfferedContractTime": {
        "elapsedDays": 28,
        "time": 1630
    },
    "TimeSincePlayerApproached": 44131,
    "TimeSinceInstantDealOffered": 8748,
    "HasBeenRecommended": false
}