{
    "DataType": "CustomerData",
    "DataVersion": 0,
    "GameVersion": "0.3.5f3",
    "Dependence": 0.875,
    "PurchaseableProducts": [],
    "ProductAffinities": [
        0.33074086904525759,
        1.0,
        -0.1968921422958374
    ],
    "TimeSinceLastDealCompleted": 4005,
    "TimeSinceLastDealOffered": 4109,
    "OfferedDeals": 29,
    "CompletedDeals": 17,
    "IsContractOffered": false,
    "OfferedContract": {
        "Payment": 0.0,
        "Products": {
            "entries": []
        },
        "DeliveryLocationGUID": "",
        "DeliveryWindow": {
            "IsEnabled": false,
            "WindowStartTime": 1200,
            "WindowEndTime": 1800
        },
        "Expires": false,
        "ExpiresAfter": 0,
        "PickupScheduleIndex": 0,
        "IsCounterOffer": false
    },
    "OfferedContractTime": {
        "elapsedDays": 0,
        "time": 0
    },
    "TimeSincePlayerApproached": 1086949,
    "TimeSinceInstantDealOffered": 1086949,
    "HasBeenRecommended": false
}