{
    "DataType": "BotanistData",
    "DataVersion": 0,
    "GameVersion": "0.3.5f3",
    "ID": "brandon_carter",
    "AssignedProperty": "barn",
    "FirstName": "Brandon",
    "LastName": "Carter",
    "IsMale": true,
    "AppearanceIndex": 5,
    "Position": {
        "x": 180.18336486816407,
        "y": -0.008779296651482582,
        "z": -4.5953216552734379
    },
    "Rotation": {
        "x": 0.0,
        "y": -0.8660251498222351,
        "z": 0.0,
        "w": 0.5000004768371582
    },
    "GUID": "23d9c874-b216-4430-878c-e62a167c2185",
    "PaidForToday": false,
    "MoveItemData": {
        "TemplateItemJSON": "",
        "GrabbedItemQuantity": 0,
        "SourceGUID": "",
        "DestinationGUID": ""
    }
}