{
    "Items": [
        "{\"DataType\":\"MethData\",\"DataVersion\":0,\"GameVersion\":\"0.3.5f3\",\"ID\":\"californiasmegma\",\"Quantity\":8,\"Quality\":\"Poor\",\"PackagingID\":\"jar\"}",
        "{\"DataType\":\"MethData\",\"DataVersion\":0,\"GameVersion\":\"0.3.5f3\",\"ID\":\"californiasmegma\",\"Quantity\":20,\"Quality\":\"Poor\",\"PackagingID\":\"jar\"}",
        "{\"DataType\":\"MethData\",\"DataVersion\":0,\"GameVersion\":\"0.3.5f3\",\"ID\":\"californiasmegma\",\"Quantity\":20,\"Quality\":\"Poor\",\"PackagingID\":\"jar\"}",
        "{\"DataType\":\"MethData\",\"DataVersion\":0,\"GameVersion\":\"0.3.5f3\",\"ID\":\"californiasmegma\",\"Quantity\":20,\"Quality\":\"Poor\",\"PackagingID\":\"jar\"}",
        "{\"DataType\":\"MethData\",\"DataVersion\":0,\"GameVersion\":\"0.3.5f3\",\"ID\":\"californiasmegma\",\"Quantity\":3,\"Quality\":\"Poor\",\"PackagingID\":\"baggie\"}"
    ]
}