{
    "DataType": "DealerData",
    "DataVersion": 0,
    "GameVersion": "0.3.5f3",
    "ID": "molly_presley",
    "Recruited": true,
    "AssignedCustomerIDs": [
        "ming",
        "kyle_cooley",
        "peggy_myers",
        "ludwig_meyer",
        "peter_file",
        "sam_thompson",
        "trent_sherman",
        "joyce_ball",
        "keith_wagner",
        "elizabeth_homley",
        "philip_wentworth",
        "lucy_pennington",
        "eugene_buckley"
    ],
    "ActiveContractGUIDs": [
        "0a98592a-583b-4ddb-aa24-7c41d4b91ede",
        "fff707ef-2823-4216-b8fd-6ab816d938b9",
        "dad816aa-3785-4b84-88e9-ee06c0e43878",
        "f7f70c25-a146-46ed-b2fb-067e10a6a601"
    ],
    "Cash": 0.0,
    "OverflowItems": {
        "Items": [
            "{\"DataType\":\"ItemData\",\"DataVersion\":0,\"GameVersion\":\"0.3.5f3\",\"ID\":\"\",\"Quantity\":0}",
            "{\"DataType\":\"ItemData\",\"DataVersion\":0,\"GameVersion\":\"0.3.5f3\",\"ID\":\"\",\"Quantity\":0}",
            "{\"DataType\":\"ItemData\",\"DataVersion\":0,\"GameVersion\":\"0.3.5f3\",\"ID\":\"\",\"Quantity\":0}",
            "{\"DataType\":\"ItemData\",\"DataVersion\":0,\"GameVersion\":\"0.3.5f3\",\"ID\":\"\",\"Quantity\":0}",
            "{\"DataType\":\"ItemData\",\"DataVersion\":0,\"GameVersion\":\"0.3.5f3\",\"ID\":\"\",\"Quantity\":0}",
            "{\"DataType\":\"ItemData\",\"DataVersion\":0,\"GameVersion\":\"0.3.5f3\",\"ID\":\"\",\"Quantity\":0}",
            "{\"DataType\":\"ItemData\",\"DataVersion\":0,\"GameVersion\":\"0.3.5f3\",\"ID\":\"\",\"Quantity\":0}",
            "{\"DataType\":\"ItemData\",\"DataVersion\":0,\"GameVersion\":\"0.3.5f3\",\"ID\":\"\",\"Quantity\":0}",
            "{\"DataType\":\"ItemData\",\"DataVersion\":0,\"GameVersion\":\"0.3.5f3\",\"ID\":\"\",\"Quantity\":0}",
            "{\"DataType\":\"ItemData\",\"DataVersion\":0,\"GameVersion\":\"0.3.5f3\",\"ID\":\"\",\"Quantity\":0}"
        ]
    },
    "HasBeenRecommended": true
}