{
    "DataType": "CustomerData",
    "DataVersion": 0,
    "GameVersion": "0.3.5f3",
    "Dependence": 0.550000011920929,
    "PurchaseableProducts": [
        "gorillashart"
    ],
    "ProductAffinities": [
        1.0,
        0.320000022649765,
        -0.4699999988079071
    ],
    "TimeSinceLastDealCompleted": 44750,
    "TimeSinceLastDealOffered": 39530,
    "OfferedDeals": 7,
    "CompletedDeals": 4,
    "IsContractOffered": false,
    "OfferedContract": {
        "Payment": 0.0,
        "Products": {
            "entries": []
        },
        "DeliveryLocationGUID": "",
        "DeliveryWindow": {
            "IsEnabled": false,
            "WindowStartTime": 1200,
            "WindowEndTime": 1800
        },
        "Expires": false,
        "ExpiresAfter": 0,
        "PickupScheduleIndex": 0,
        "IsCounterOffer": false
    },
    "OfferedContractTime": {
        "elapsedDays": 48,
        "time": 1625
    },
    "TimeSincePlayerApproached": 1126481,
    "TimeSinceInstantDealOffered": 48292,
    "HasBeenRecommended": false
}