{
    "DataType": "CustomerData",
    "DataVersion": 0,
    "GameVersion": "0.3.5f3",
    "Dependence": 0.9375,
    "PurchaseableProducts": [],
    "ProductAffinities": [
        0.5080000162124634,
        1.0,
        0.0
    ],
    "TimeSinceLastDealCompleted": 3924,
    "TimeSinceLastDealOffered": 4044,
    "OfferedDeals": 23,
    "CompletedDeals": 17,
    "IsContractOffered": false,
    "OfferedContract": {
        "Payment": 0.0,
        "Products": {
            "entries": []
        },
        "DeliveryLocationGUID": "",
        "DeliveryWindow": {
            "IsEnabled": false,
            "WindowStartTime": 1200,
            "WindowEndTime": 1800
        },
        "Expires": false,
        "ExpiresAfter": 0,
        "PickupScheduleIndex": 0,
        "IsCounterOffer": false
    },
    "OfferedContractTime": {
        "elapsedDays": 0,
        "time": 0
    },
    "TimeSincePlayerApproached": 53604,
    "TimeSinceInstantDealOffered": 41657,
    "HasBeenRecommended": false
}