{
    "DataType": "CustomerData",
    "DataVersion": 0,
    "GameVersion": "0.3.5f3",
    "Dependence": 0.20000000298023225,
    "PurchaseableProducts": [
        "californiasmegma"
    ],
    "ProductAffinities": [
        0.6463172435760498,
        -0.28108304738998415,
        0.19469010829925538
    ],
    "TimeSinceLastDealCompleted": 1376,
    "TimeSinceLastDealOffered": 161,
    "OfferedDeals": 17,
    "CompletedDeals": 8,
    "IsContractOffered": false,
    "OfferedContract": {
        "Payment": 0.0,
        "Products": {
            "entries": []
        },
        "DeliveryLocationGUID": "",
        "DeliveryWindow": {
            "IsEnabled": false,
            "WindowStartTime": 1200,
            "WindowEndTime": 1800
        },
        "Expires": false,
        "ExpiresAfter": 0,
        "PickupScheduleIndex": 0,
        "IsCounterOffer": false
    },
    "OfferedContractTime": {
        "elapsedDays": 0,
        "time": 0
    },
    "TimeSincePlayerApproached": 1086951,
    "TimeSinceInstantDealOffered": 5212,
    "HasBeenRecommended": false
}