{
    "DataType": "CustomerData",
    "DataVersion": 0,
    "GameVersion": "0.3.5f3",
    "Dependence": 1.0,
    "PurchaseableProducts": [
        "californiasmegma"
    ],
    "ProductAffinities": [
        -0.1873750388622284,
        1.0,
        0.3700000047683716
    ],
    "TimeSinceLastDealCompleted": 614,
    "TimeSinceLastDealOffered": 676,
    "OfferedDeals": 21,
    "CompletedDeals": 18,
    "IsContractOffered": false,
    "OfferedContract": {
        "Payment": 0.0,
        "Products": {
            "entries": []
        },
        "DeliveryLocationGUID": "",
        "DeliveryWindow": {
            "IsEnabled": false,
            "WindowStartTime": 1200,
            "WindowEndTime": 1800
        },
        "Expires": false,
        "ExpiresAfter": 0,
        "PickupScheduleIndex": 0,
        "IsCounterOffer": false
    },
    "OfferedContractTime": {
        "elapsedDays": 28,
        "time": 1930
    },
    "TimeSincePlayerApproached": 44132,
    "TimeSinceInstantDealOffered": 44132,
    "HasBeenRecommended": false
}