{
    "DataType": "CustomerData",
    "DataVersion": 0,
    "GameVersion": "0.3.5f3",
    "Dependence": 0.15000000596046449,
    "PurchaseableProducts": [
        "californiasmegma"
    ],
    "ProductAffinities": [
        NaN,
        0.6282536387443543,
        0.6501095294952393
    ],
    "TimeSinceLastDealCompleted": 903,
    "TimeSinceLastDealOffered": 992,
    "OfferedDeals": 14,
    "CompletedDeals": 8,
    "IsContractOffered": false,
    "OfferedContract": {
        "Payment": 0.0,
        "Products": {
            "entries": []
        },
        "DeliveryLocationGUID": "",
        "DeliveryWindow": {
            "IsEnabled": false,
            "WindowStartTime": 1200,
            "WindowEndTime": 1800
        },
        "Expires": false,
        "ExpiresAfter": 0,
        "PickupScheduleIndex": 0,
        "IsCounterOffer": false
    },
    "OfferedContractTime": {
        "elapsedDays": 28,
        "time": 1415
    },
    "TimeSincePlayerApproached": 1044134,
    "TimeSinceInstantDealOffered": 1929,
    "HasBeenRecommended": false
}