{
    "DataType": "CustomerData",
    "DataVersion": 0,
    "GameVersion": "0.3.5f3",
    "Dependence": 0.0,
    "PurchaseableProducts": [
        "gorillashart"
    ],
    "ProductAffinities": [
        0.9418721199035645,
        -0.9157676696777344,
        -0.30247628688812258
    ],
    "TimeSinceLastDealCompleted": 1086952,
    "TimeSinceLastDealOffered": 386,
    "OfferedDeals": 2,
    "CompletedDeals": 0,
    "IsContractOffered": true,
    "OfferedContract": {
        "Payment": 1570.0,
        "Products": {
            "entries": [
                {
                    "ProductID": "gorillashart",
                    "Quality": 2,
                    "Quantity": 3
                }
            ]
        },
        "DeliveryLocationGUID": "48c7491e-2e94-4a55-b277-0ed4405e2b73",
        "DeliveryWindow": {
            "IsEnabled": true,
            "WindowStartTime": 0,
            "WindowEndTime": 0
        },
        "Expires": true,
        "ExpiresAfter": 1,
        "PickupScheduleIndex": 0,
        "IsCounterOffer": false
    },
    "OfferedContractTime": {
        "elapsedDays": 48,
        "time": 1000
    },
    "TimeSincePlayerApproached": 1086952,
    "TimeSinceInstantDealOffered": 1086952,
    "HasBeenRecommended": false
}