{
    "DataType": "CustomerData",
    "DataVersion": 0,
    "GameVersion": "0.3.5f3",
    "Dependence": 0.0,
    "PurchaseableProducts": [
        "gorillashart"
    ],
    "ProductAffinities": [
        -0.1370919942855835,
        -0.29545843601226809,
        -0.4415994882583618
    ],
    "TimeSinceLastDealCompleted": 1126481,
    "TimeSinceLastDealOffered": 39420,
    "OfferedDeals": 1,
    "CompletedDeals": 0,
    "IsContractOffered": true,
    "OfferedContract": {
        "Payment": 3835.0,
        "Products": {
            "entries": [
                {
                    "ProductID": "gorillashart",
                    "Quality": 3,
                    "Quantity": 7
                }
            ]
        },
        "DeliveryLocationGUID": "389fab39-9e13-4030-8408-e246b0d7a9b7",
        "DeliveryWindow": {
            "IsEnabled": true,
            "WindowStartTime": 0,
            "WindowEndTime": 0
        },
        "Expires": true,
        "ExpiresAfter": 1,
        "PickupScheduleIndex": 0,
        "IsCounterOffer": false
    },
    "OfferedContractTime": {
        "elapsedDays": 48,
        "time": 1815
    },
    "TimeSincePlayerApproached": 1126481,
    "TimeSinceInstantDealOffered": 40182,
    "HasBeenRecommended": false
}