{
    "DataType": "CustomerData",
    "DataVersion": 0,
    "GameVersion": "0.3.5f3",
    "Dependence": 0.8125,
    "PurchaseableProducts": [
        "californiasmegma"
    ],
    "ProductAffinities": [
        1.0,
        1.0,
        -0.22300803661346436
    ],
    "TimeSinceLastDealCompleted": 5631,
    "TimeSinceLastDealOffered": 677,
    "OfferedDeals": 20,
    "CompletedDeals": 16,
    "IsContractOffered": false,
    "OfferedContract": {
        "Payment": 0.0,
        "Products": {
            "entries": []
        },
        "DeliveryLocationGUID": "",
        "DeliveryWindow": {
            "IsEnabled": false,
            "WindowStartTime": 1200,
            "WindowEndTime": 1800
        },
        "Expires": false,
        "ExpiresAfter": 0,
        "PickupScheduleIndex": 0,
        "IsCounterOffer": false
    },
    "OfferedContractTime": {
        "elapsedDays": 28,
        "time": 1930
    },
    "TimeSincePlayerApproached": 1044133,
    "TimeSinceInstantDealOffered": 7067,
    "HasBeenRecommended": false
}