{
    "DataType": "CustomerData",
    "DataVersion": 0,
    "GameVersion": "0.3.5f3",
    "Dependence": 1.0,
    "PurchaseableProducts": [
        "californiasmegma"
    ],
    "ProductAffinities": [
        0.5080000162124634,
        1.0,
        0.0
    ],
    "TimeSinceLastDealCompleted": 520,
    "TimeSinceLastDealOffered": 597,
    "OfferedDeals": 12,
    "CompletedDeals": 8,
    "IsContractOffered": false,
    "OfferedContract": {
        "Payment": 0.0,
        "Products": {
            "entries": []
        },
        "DeliveryLocationGUID": "",
        "DeliveryWindow": {
            "IsEnabled": false,
            "WindowStartTime": 1200,
            "WindowEndTime": 1800
        },
        "Expires": false,
        "ExpiresAfter": 0,
        "PickupScheduleIndex": 0,
        "IsCounterOffer": false
    },
    "OfferedContractTime": {
        "elapsedDays": 28,
        "time": 2050
    },
    "TimeSincePlayerApproached": 10786,
    "TimeSinceInstantDealOffered": 6832,
    "HasBeenRecommended": false
}