{
    "DataType": "PotData",
    "DataVersion": 0,
    "GameVersion": "0.3.5f3",
    "GUID": "47cf14c4-bbb9-437b-b13c-20ea34876841",
    "ItemString": "{\n    \"DataType\": \"ItemData\",\n    \"DataVersion\": 0,\n    \"GameVersion\": \"0.3.5f3\",\n    \"ID\": \"airpot\",\n    \"Quantity\": 1\n}",
    "LoadOrder": 0,
    "GridGUID": "fa2d9b23-eb58-43ae-8f8b-7c37a132a46e",
    "OriginCoordinate": {
        "x": 20.0,
        "y": 27.0
    },
    "Rotation": 180,
    "SoilID": "extralonglifesoil",
    "SoilLevel": 20.0,
    "RemainingSoilUses": 2,
    "WaterLevel": 0.0,
    "AppliedAdditives": [],
    "PlantData": {
        "DataType": "PlantData",
        "DataVersion": 0,
        "GameVersion": "0.3.5f3",
        "SeedID": "",
        "GrowthProgress": 0.0,
        "YieldLevel": 0.0,
        "QualityLevel": 0.0,
        "ActiveBuds": []
    }
}