{
    "DataType": "CustomerData",
    "DataVersion": 0,
    "GameVersion": "0.3.5f3",
    "Dependence": 0.875,
    "PurchaseableProducts": [
        "californiasmegma"
    ],
    "ProductAffinities": [
        1.0,
        1.0,
        -0.40799999237060549
    ],
    "TimeSinceLastDealCompleted": 4182,
    "TimeSinceLastDealOffered": 1217,
    "OfferedDeals": 24,
    "CompletedDeals": 21,
    "IsContractOffered": false,
    "OfferedContract": {
        "Payment": 0.0,
        "Products": {
            "entries": []
        },
        "DeliveryLocationGUID": "",
        "DeliveryWindow": {
            "IsEnabled": false,
            "WindowStartTime": 1200,
            "WindowEndTime": 1800
        },
        "Expires": false,
        "ExpiresAfter": 0,
        "PickupScheduleIndex": 0,
        "IsCounterOffer": false
    },
    "OfferedContractTime": {
        "elapsedDays": 28,
        "time": 1030
    },
    "TimeSincePlayerApproached": 44134,
    "TimeSinceInstantDealOffered": 7232,
    "HasBeenRecommended": false
}