{
    "DataType": "ChemistData",
    "DataVersion": 0,
    "GameVersion": "0.3.5f3",
    "ID": "cynthia_wright",
    "AssignedProperty": "barn",
    "FirstName": "Cynthia",
    "LastName": "Wright",
    "IsMale": false,
    "AppearanceIndex": 2,
    "Position": {
        "x": 178.9469451904297,
        "y": -0.008779296651482582,
        "z": -3.2421867847442629
    },
    "Rotation": {
        "x": 0.0,
        "y": 0.9918633699417114,
        "z": 0.0,
        "w": -0.12730681896209718
    },
    "GUID": "6538529d-5a83-4844-b116-99f23c15cafa",
    "PaidForToday": true,
    "MoveItemData": {
        "TemplateItemJSON": "",
        "GrabbedItemQuantity": 0,
        "SourceGUID": "",
        "DestinationGUID": ""
    }
}