{
    "DataType": "ChemistData",
    "DataVersion": 0,
    "GameVersion": "0.3.5f3",
    "ID": "cynthia_wright",
    "AssignedProperty": "barn",
    "FirstName": "Cynthia",
    "LastName": "Wright",
    "IsMale": false,
    "AppearanceIndex": 2,
    "Position": {
        "x": 180.3000030517578,
        "y": -0.008779296651482582,
        "z": -4.321254730224609
    },
    "Rotation": {
        "x": 0.0,
        "y": -0.8660251498222351,
        "z": 0.0,
        "w": 0.5000004768371582
    },
    "GUID": "6538529d-5a83-4844-b116-99f23c15cafa",
    "PaidForToday": false,
    "MoveItemData": {
        "TemplateItemJSON": "",
        "GrabbedItemQuantity": 0,
        "SourceGUID": "",
        "DestinationGUID": ""
    }
}