{
    "DataType": "BotanistData",
    "DataVersion": 0,
    "GameVersion": "0.3.5f3",
    "ID": "rachel_hernandez",
    "AssignedProperty": "barn",
    "FirstName": "Rachel",
    "LastName": "Hernandez",
    "IsMale": false,
    "AppearanceIndex": 3,
    "Position": {
        "x": 177.0377960205078,
        "y": -0.008779296651482582,
        "z": -2.3429529666900636
    },
    "Rotation": {
        "x": 0.0,
        "y": 1.0,
        "z": 0.0,
        "w": 0.0
    },
    "GUID": "7b2f6c18-d102-40cc-85ec-8385be8e413a",
    "PaidForToday": false,
    "MoveItemData": {
        "TemplateItemJSON": "",
        "GrabbedItemQuantity": 0,
        "SourceGUID": "",
        "DestinationGUID": ""
    }
}