{
    "DataType": "PackagerData",
    "DataVersion": 0,
    "GameVersion": "0.3.5f3",
    "ID": "george_carter",
    "AssignedProperty": "barn",
    "FirstName": "George",
    "LastName": "Carter",
    "IsMale": true,
    "AppearanceIndex": 3,
    "Position": {
        "x": 180.29238891601563,
        "y": -0.008779296651482582,
        "z": -3.228134870529175
    },
    "Rotation": {
        "x": 0.0,
        "y": 0.9914448261260986,
        "z": 0.0,
        "w": -0.1305265575647354
    },
    "GUID": "6e1a1383-2cce-42d9-b5fd-78761c816346",
    "PaidForToday": true,
    "MoveItemData": {
        "TemplateItemJSON": "",
        "GrabbedItemQuantity": 0,
        "SourceGUID": "",
        "DestinationGUID": ""
    }
}