{
    "DataType": "PackagerData",
    "DataVersion": 0,
    "GameVersion": "0.3.5f3",
    "ID": "george_carter",
    "AssignedProperty": "barn",
    "FirstName": "George",
    "LastName": "Carter",
    "IsMale": true,
    "AppearanceIndex": 3,
    "Position": {
        "x": 193.3755645751953,
        "y": 0.08999926596879959,
        "z": -17.243772506713868
    },
    "Rotation": {
        "x": 0.0,
        "y": 1.0,
        "z": 0.0,
        "w": 3.7252897300277257e-7
    },
    "GUID": "6e1a1383-2cce-42d9-b5fd-78761c816346",
    "PaidForToday": true,
    "MoveItemData": {
        "TemplateItemJSON": "",
        "GrabbedItemQuantity": 0,
        "SourceGUID": "",
        "DestinationGUID": ""
    }
}