{
    "DataType": "PackagerData",
    "DataVersion": 0,
    "GameVersion": "0.3.5f3",
    "ID": "george_carter",
    "AssignedProperty": "barn",
    "FirstName": "George",
    "LastName": "Carter",
    "IsMale": true,
    "AppearanceIndex": 3,
    "Position": {
        "x": 180.75164794921876,
        "y": -0.008779296651482582,
        "z": -2.953566312789917
    },
    "Rotation": {
        "x": 0.0,
        "y": -0.866025447845459,
        "z": 0.0,
        "w": 0.5
    },
    "GUID": "6e1a1383-2cce-42d9-b5fd-78761c816346",
    "PaidForToday": true,
    "MoveItemData": {
        "TemplateItemJSON": "",
        "GrabbedItemQuantity": 0,
        "SourceGUID": "",
        "DestinationGUID": ""
    }
}