{
    "DataType": "ChemistryStationData",
    "DataVersion": 0,
    "GameVersion": "0.3.5f3",
    "GUID": "b7628087-de47-4647-9209-af0067210f4d",
    "ItemString": "{\n    \"DataType\": \"ItemData\",\n    \"DataVersion\": 0,\n    \"GameVersion\": \"0.3.5f3\",\n    \"ID\": \"chemistrystation\",\n    \"Quantity\": 1\n}",
    "LoadOrder": 0,
    "GridGUID": "fa2d9b23-eb58-43ae-8f8b-7c37a132a46e",
    "OriginCoordinate": {
        "x": 1.0,
        "y": 0.0
    },
    "Rotation": 0,
    "InputContents": {
        "Items": [
            "{\"DataType\":\"QualityItemData\",\"DataVersion\":0,\"GameVersion\":\"0.3.5f3\",\"ID\":\"pseudo\",\"Quantity\":2,\"Quality\":\"Standard\"}",
            "{\"DataType\":\"ItemData\",\"DataVersion\":0,\"GameVersion\":\"0.3.5f3\",\"ID\":\"acid\",\"Quantity\":2}",
            "{\"DataType\":\"ItemData\",\"DataVersion\":0,\"GameVersion\":\"0.3.5f3\",\"ID\":\"phosphorus\",\"Quantity\":2}"
        ]
    },
    "OutputContents": {
        "Items": [
            "{\"DataType\":\"ItemData\",\"DataVersion\":0,\"GameVersion\":\"0.3.5f3\",\"ID\":\"\",\"Quantity\":0}"
        ]
    },
    "CurrentRecipeID": "1xliquidmeth",
    "ProductQuality": 2,
    "StartLiquidColor": {
        "r": 0.6921569108963013,
        "g": 0.43529412150382998,
        "b": 0.2039215862751007,
        "a": 1.0
    },
    "LiquidLevel": 0.5,
    "CurrentTime": 8
}