{
    "DataType": "PlaceableStorageData",
    "DataVersion": 0,
    "GameVersion": "0.3.5f3",
    "GUID": "2ec19146-9879-4c67-acf1-c8eee7156fd9",
    "ItemString": "{\n    \"DataType\": \"ItemData\",\n    \"DataVersion\": 0,\n    \"GameVersion\": \"0.3.5f3\",\n    \"ID\": \"largestoragerack\",\n    \"Quantity\": 1\n}",
    "LoadOrder": 0,
    "GridGUID": "fa2d9b23-eb58-43ae-8f8b-7c37a132a46e",
    "OriginCoordinate": {
        "x": 32.0,
        "y": 0.0
    },
    "Rotation": 0,
    "Contents": {
        "Items": [
            "{\"DataType\":\"QualityItemData\",\"DataVersion\":0,\"GameVersion\":\"0.3.5f3\",\"ID\":\"pseudo\",\"Quantity\":10,\"Quality\":\"Standard\"}",
            "{\"DataType\":\"QualityItemData\",\"DataVersion\":0,\"GameVersion\":\"0.3.5f3\",\"ID\":\"pseudo\",\"Quantity\":10,\"Quality\":\"Standard\"}",
            "{\"DataType\":\"QualityItemData\",\"DataVersion\":0,\"GameVersion\":\"0.3.5f3\",\"ID\":\"pseudo\",\"Quantity\":10,\"Quality\":\"Standard\"}",
            "{\"DataType\":\"QualityItemData\",\"DataVersion\":0,\"GameVersion\":\"0.3.5f3\",\"ID\":\"pseudo\",\"Quantity\":10,\"Quality\":\"Standard\"}",
            "{\"DataType\":\"ItemData\",\"DataVersion\":0,\"GameVersion\":\"0.3.5f3\",\"ID\":\"acid\",\"Quantity\":10}",
            "{\"DataType\":\"ItemData\",\"DataVersion\":0,\"GameVersion\":\"0.3.5f3\",\"ID\":\"\",\"Quantity\":0}",
            "{\"DataType\":\"ItemData\",\"DataVersion\":0,\"GameVersion\":\"0.3.5f3\",\"ID\":\"\",\"Quantity\":0}",
            "{\"DataType\":\"ItemData\",\"DataVersion\":0,\"GameVersion\":\"0.3.5f3\",\"ID\":\"\",\"Quantity\":0}"
        ]
    }
}