{
    "DataType": "PlaceableStorageData",
    "DataVersion": 0,
    "GameVersion": "0.3.5f3",
    "GUID": "72b9a368-d907-483a-bdf0-277c649fcbc7",
    "ItemString": "{\n    \"DataType\": \"ItemData\",\n    \"DataVersion\": 0,\n    \"GameVersion\": \"0.3.5f3\",\n    \"ID\": \"largestoragerack\",\n    \"Quantity\": 1\n}",
    "LoadOrder": 0,
    "GridGUID": "fa2d9b23-eb58-43ae-8f8b-7c37a132a46e",
    "OriginCoordinate": {
        "x": 32.0,
        "y": 10.0
    },
    "Rotation": 0,
    "Contents": {
        "Items": [
            "{\"DataType\":\"IntegerItemData\",\"DataVersion\":0,\"GameVersion\":\"0.3.5f3\",\"ID\":\"m1911\",\"Quantity\":1,\"Value\":5}",
            "{\"DataType\":\"IntegerItemData\",\"DataVersion\":0,\"GameVersion\":\"0.3.5f3\",\"ID\":\"m1911\",\"Quantity\":1,\"Value\":7}",
            "{\"DataType\":\"IntegerItemData\",\"DataVersion\":0,\"GameVersion\":\"0.3.5f3\",\"ID\":\"revolver\",\"Quantity\":1,\"Value\":6}",
            "{\"DataType\":\"TrashGrabberData\",\"DataVersion\":0,\"GameVersion\":\"0.3.5f3\",\"ID\":\"trashgrabber\",\"Quantity\":1,\"Content\":{\"TrashIDs\":[\"acid\",\"phosphorus\"],\"TrashQuantities\":[1,1]}}",
            "{\"DataType\":\"ItemData\",\"DataVersion\":0,\"GameVersion\":\"0.3.5f3\",\"ID\":\"largestoragerack\",\"Quantity\":1}",
            "{\"DataType\":\"ItemData\",\"DataVersion\":0,\"GameVersion\":\"0.3.5f3\",\"ID\":\"bed\",\"Quantity\":2}",
            "{\"DataType\":\"ItemData\",\"DataVersion\":0,\"GameVersion\":\"0.3.5f3\",\"ID\":\"\",\"Quantity\":0}",
            "{\"DataType\":\"ItemData\",\"DataVersion\":0,\"GameVersion\":\"0.3.5f3\",\"ID\":\"trashbag\",\"Quantity\":5}"
        ]
    }
}