{
    "DataType": "CustomerData",
    "DataVersion": 0,
    "GameVersion": "0.3.5f3",
    "Dependence": 0.875,
    "PurchaseableProducts": [],
    "ProductAffinities": [
        1.0,
        1.0,
        0.7211346626281738
    ],
    "TimeSinceLastDealCompleted": 42895,
    "TimeSinceLastDealOffered": 42917,
    "OfferedDeals": 31,
    "CompletedDeals": 29,
    "IsContractOffered": false,
    "OfferedContract": {
        "Payment": 0.0,
        "Products": {
            "entries": []
        },
        "DeliveryLocationGUID": "",
        "DeliveryWindow": {
            "IsEnabled": false,
            "WindowStartTime": 1200,
            "WindowEndTime": 1800
        },
        "Expires": false,
        "ExpiresAfter": 0,
        "PickupScheduleIndex": 0,
        "IsCounterOffer": false
    },
    "OfferedContractTime": {
        "elapsedDays": 0,
        "time": 0
    },
    "TimeSincePlayerApproached": 1126481,
    "TimeSinceInstantDealOffered": 1126481,
    "HasBeenRecommended": false
}