{
    "DataType": "CustomerData",
    "DataVersion": 0,
    "GameVersion": "0.3.5f3",
    "Dependence": 0.612500011920929,
    "PurchaseableProducts": [
        "gorillashart"
    ],
    "ProductAffinities": [
        -0.8336539268493652,
        0.9997382164001465,
        0.7902395725250244
    ],
    "TimeSinceLastDealCompleted": 44038,
    "TimeSinceLastDealOffered": 39900,
    "OfferedDeals": 7,
    "CompletedDeals": 4,
    "IsContractOffered": false,
    "OfferedContract": {
        "Payment": 0.0,
        "Products": {
            "entries": []
        },
        "DeliveryLocationGUID": "",
        "DeliveryWindow": {
            "IsEnabled": false,
            "WindowStartTime": 1200,
            "WindowEndTime": 1800
        },
        "Expires": false,
        "ExpiresAfter": 0,
        "PickupScheduleIndex": 0,
        "IsCounterOffer": false
    },
    "OfferedContractTime": {
        "elapsedDays": 48,
        "time": 1015
    },
    "TimeSincePlayerApproached": 39277,
    "TimeSinceInstantDealOffered": 47471,
    "HasBeenRecommended": false
}