{
    "DataType": "CustomerData",
    "DataVersion": 0,
    "GameVersion": "0.3.5f3",
    "Dependence": 0.675000011920929,
    "PurchaseableProducts": [
        "gorillashart"
    ],
    "ProductAffinities": [
        -0.8336539268493652,
        0.9997382164001465,
        0.7902395725250244
    ],
    "TimeSinceLastDealCompleted": 4509,
    "TimeSinceLastDealOffered": 371,
    "OfferedDeals": 7,
    "CompletedDeals": 4,
    "IsContractOffered": true,
    "OfferedContract": {
        "Payment": 2450.0,
        "Products": {
            "entries": [
                {
                    "ProductID": "gorillashart",
                    "Quality": 3,
                    "Quantity": 4
                }
            ]
        },
        "DeliveryLocationGUID": "00198638-3ee0-439f-9b6d-d88835923889",
        "DeliveryWindow": {
            "IsEnabled": true,
            "WindowStartTime": 0,
            "WindowEndTime": 0
        },
        "Expires": true,
        "ExpiresAfter": 1,
        "PickupScheduleIndex": 0,
        "IsCounterOffer": false
    },
    "OfferedContractTime": {
        "elapsedDays": 48,
        "time": 1015
    },
    "TimeSincePlayerApproached": 1086952,
    "TimeSinceInstantDealOffered": 7942,
    "HasBeenRecommended": false
}