{
    "DataType": "CustomerData",
    "DataVersion": 0,
    "GameVersion": "0.3.5f3",
    "Dependence": 0.675000011920929,
    "PurchaseableProducts": [
        "gorillashart"
    ],
    "ProductAffinities": [
        -0.8211581707000732,
        0.2438204288482666,
        -0.2764521837234497
    ],
    "TimeSinceLastDealCompleted": 4462,
    "TimeSinceLastDealOffered": 281,
    "OfferedDeals": 6,
    "CompletedDeals": 4,
    "IsContractOffered": true,
    "OfferedContract": {
        "Payment": 1685.0,
        "Products": {
            "entries": [
                {
                    "ProductID": "gorillashart",
                    "Quality": 2,
                    "Quantity": 3
                }
            ]
        },
        "DeliveryLocationGUID": "4cbdc267-5898-406f-a5bc-cfce0aec8c2b",
        "DeliveryWindow": {
            "IsEnabled": true,
            "WindowStartTime": 0,
            "WindowEndTime": 0
        },
        "Expires": true,
        "ExpiresAfter": 1,
        "PickupScheduleIndex": 0,
        "IsCounterOffer": false
    },
    "OfferedContractTime": {
        "elapsedDays": 48,
        "time": 1145
    },
    "TimeSincePlayerApproached": 1702,
    "TimeSinceInstantDealOffered": 8514,
    "HasBeenRecommended": false
}