{
    "DataType": "TrashContainerData",
    "DataVersion": 0,
    "GameVersion": "0.3.5f3",
    "GUID": "ed99be61-a3e9-4905-9832-aa4a12e8ae7f",
    "ItemString": "{\n    \"DataType\": \"ItemData\",\n    \"DataVersion\": 0,\n    \"GameVersion\": \"0.3.5f3\",\n    \"ID\": \"trashcan\",\n    \"Quantity\": 1\n}",
    "LoadOrder": 0,
    "GridGUID": "fa2d9b23-eb58-43ae-8f8b-7c37a132a46e",
    "OriginCoordinate": {
        "x": 1.0,
        "y": 10.0
    },
    "Rotation": -90,
    "ContentData": {
        "TrashIDs": [
            "phosphorus",
            "acid"
        ],
        "TrashQuantities": [
            2,
            2
        ]
    }
}