{
    "DataType": "CustomerData",
    "DataVersion": 0,
    "GameVersion": "0.3.5f3",
    "Dependence": 0.0,
    "PurchaseableProducts": [
        "gorillashart"
    ],
    "ProductAffinities": [
        -0.2562216520309448,
        0.6726412773132324,
        0.42113086581230166
    ],
    "TimeSinceLastDealCompleted": 1126481,
    "TimeSinceLastDealOffered": 1126481,
    "OfferedDeals": 0,
    "CompletedDeals": 0,
    "IsContractOffered": false,
    "OfferedContract": {
        "Payment": 0.0,
        "Products": {
            "entries": []
        },
        "DeliveryLocationGUID": "",
        "DeliveryWindow": {
            "IsEnabled": false,
            "WindowStartTime": 1200,
            "WindowEndTime": 1800
        },
        "Expires": false,
        "ExpiresAfter": 0,
        "PickupScheduleIndex": 0,
        "IsCounterOffer": false
    },
    "OfferedContractTime": {
        "elapsedDays": 0,
        "time": 0
    },
    "TimeSincePlayerApproached": 1126481,
    "TimeSinceInstantDealOffered": 1126481,
    "HasBeenRecommended": false
}