{
    "DataType": "CustomerData",
    "DataVersion": 0,
    "GameVersion": "0.3.5f3",
    "Dependence": 0.0,
    "PurchaseableProducts": [
        "gorillashart"
    ],
    "ProductAffinities": [
        0.9418721199035645,
        -0.9157676696777344,
        -0.30247628688812258
    ],
    "TimeSinceLastDealCompleted": 1126481,
    "TimeSinceLastDealOffered": 39915,
    "OfferedDeals": 2,
    "CompletedDeals": 0,
    "IsContractOffered": false,
    "OfferedContract": {
        "Payment": 0.0,
        "Products": {
            "entries": []
        },
        "DeliveryLocationGUID": "",
        "DeliveryWindow": {
            "IsEnabled": false,
            "WindowStartTime": 1200,
            "WindowEndTime": 1800
        },
        "Expires": false,
        "ExpiresAfter": 0,
        "PickupScheduleIndex": 0,
        "IsCounterOffer": false
    },
    "OfferedContractTime": {
        "elapsedDays": 48,
        "time": 1000
    },
    "TimeSincePlayerApproached": 1126481,
    "TimeSinceInstantDealOffered": 1126481,
    "HasBeenRecommended": false
}