{
    "DataType": "ProceduralGridItemData",
    "DataVersion": 0,
    "GameVersion": "0.3.5f3",
    "GUID": "1359f9e4-35ef-4161-a638-1b0bc0b57a23",
    "ItemString": "{\n    \"DataType\": \"ItemData\",\n    \"DataVersion\": 0,\n    \"GameVersion\": \"0.3.5f3\",\n    \"ID\": \"fullspectrumgrowlight\",\n    \"Quantity\": 1\n}",
    "LoadOrder": 50,
    "Rotation": -90,
    "FootprintMatches": [
        {
            "TileOwnerGUID": "089a5cad-9503-4984-821d-10e91a5ed343",
            "TileIndex": 3,
            "FootprintCoordinate": {
                "x": 0.0,
                "y": 0.0
            }
        },
        {
            "TileOwnerGUID": "089a5cad-9503-4984-821d-10e91a5ed343",
            "TileIndex": 2,
            "FootprintCoordinate": {
                "x": 0.0,
                "y": 1.0
            }
        },
        {
            "TileOwnerGUID": "089a5cad-9503-4984-821d-10e91a5ed343",
            "TileIndex": 0,
            "FootprintCoordinate": {
                "x": 1.0,
                "y": 0.0
            }
        },
        {
            "TileOwnerGUID": "089a5cad-9503-4984-821d-10e91a5ed343",
            "TileIndex": 1,
            "FootprintCoordinate": {
                "x": 1.0,
                "y": 1.0
            }
        }
    ]
}