{
    "DataType": "VehicleCollectionData",
    "DataVersion": 0,
    "GameVersion": "0.3.5f3",
    "Vehicles": [
        {
            "DataType": "VehicleData",
            "DataVersion": 0,
            "GameVersion": "0.3.5f3",
            "GUID": "021aa628-34a6-403d-b08e-82d58411fac6",
            "VehicleCode": "veeper",
            "Position": {
                "x": -85.38995361328125,
                "y": -2.171872854232788,
                "z": -26.20022964477539
            },
            "Rotation": {
                "x": 0.06506737321615219,
                "y": -0.2919708788394928,
                "z": 0.015459099784493447,
                "w": 0.9540861248970032
            },
            "Color": "White",
            "VehicleContents": {
                "Items": []
            }
        },
        {
            "DataType": "VehicleData",
            "DataVersion": 0,
            "GameVersion": "0.3.5f3",
            "GUID": "08e102b1-c0cf-49ea-8dcb-cd979aa5e278",
            "VehicleCode": "bruiser",
            "Position": {
                "x": 164.85751342773438,
                "y": 0.9924334287643433,
                "z": -16.369571685791017
            },
            "Rotation": {
                "x": -0.01756979152560234,
                "y": -0.9926758408546448,
                "z": -0.04586779326200485,
                "w": 0.11037302017211914
            },
            "Color": "Navy",
            "VehicleContents": {
                "Items": []
            }
        },
        {
            "DataType": "VehicleData",
            "DataVersion": 0,
            "GameVersion": "0.3.5f3",
            "GUID": "238497dc-8528-4215-a844-f86a1a19d9e7",
            "VehicleCode": "veeper",
            "Position": {
                "x": 170.59449768066407,
                "y": 0.5318491458892822,
                "z": -16.27305793762207
            },
            "Rotation": {
                "x": -0.009209162555634976,
                "y": 0.9912356734275818,
                "z": 0.017856832593679429,
                "w": -0.13056905567646027
            },
            "Color": "White",
            "VehicleContents": {
                "Items": []
            }
        }
    ]
}