{
    "DataType": "PackagerData",
    "DataVersion": 0,
    "GameVersion": "0.3.5f3",
    "ID": "olivia_davis",
    "AssignedProperty": "barn",
    "FirstName": "Olivia",
    "LastName": "Davis",
    "IsMale": false,
    "AppearanceIndex": 0,
    "Position": {
        "x": 179.2301025390625,
        "y": -0.008779296651482582,
        "z": -2.081188440322876
    },
    "Rotation": {
        "x": 0.0,
        "y": 1.0,
        "z": 0.0,
        "w": 0.0
    },
    "GUID": "389448a1-4fa0-469d-ad39-18f1fe6f7753",
    "PaidForToday": false,
    "MoveItemData": {
        "TemplateItemJSON": "",
        "GrabbedItemQuantity": 0,
        "SourceGUID": "",
        "DestinationGUID": ""
    }
}