{
    "DataType": "MixingStationData",
    "DataVersion": 0,
    "GameVersion": "0.3.5f3",
    "GUID": "eb2ec518-1958-4fab-acd2-449381151d63",
    "ItemString": "{\n    \"DataType\": \"ItemData\",\n    \"DataVersion\": 0,\n    \"GameVersion\": \"0.3.5f3\",\n    \"ID\": \"mixingstationmk2\",\n    \"Quantity\": 1\n}",
    "LoadOrder": 0,
    "GridGUID": "fa2d9b23-eb58-43ae-8f8b-7c37a132a46e",
    "OriginCoordinate": {
        "x": 13.0,
        "y": 9.0
    },
    "Rotation": 180,
    "ProductContents": {
        "Items": [
            "{\"DataType\":\"ItemData\",\"DataVersion\":0,\"GameVersion\":\"0.3.5f3\",\"ID\":\"\",\"Quantity\":0}"
        ]
    },
    "MixerContents": {
        "Items": [
            "{\"DataType\":\"ItemData\",\"DataVersion\":0,\"GameVersion\":\"0.3.5f3\",\"ID\":\"megabean\",\"Quantity\":20}"
        ]
    },
    "OutputContents": {
        "Items": [
            "{\"DataType\":\"ItemData\",\"DataVersion\":0,\"GameVersion\":\"0.3.5f3\",\"ID\":\"\",\"Quantity\":0}"
        ]
    },
    "CurrentMixOperation": {
        "ProductID": "",
        "ProductQuality": 0,
        "IngredientID": "",
        "Quantity": 0
    },
    "CurrentMixTime": 0
}