{
    "DataType": "CustomerData",
    "DataVersion": 0,
    "GameVersion": "0.3.5f3",
    "Dependence": 1.0,
    "PurchaseableProducts": [
        "californiasmegma"
    ],
    "ProductAffinities": [
        0.550000011920929,
        1.0,
        1.0
    ],
    "TimeSinceLastDealCompleted": 3505,
    "TimeSinceLastDealOffered": 3522,
    "OfferedDeals": 16,
    "CompletedDeals": 10,
    "IsContractOffered": false,
    "OfferedContract": {
        "Payment": 0.0,
        "Products": {
            "entries": []
        },
        "DeliveryLocationGUID": "",
        "DeliveryWindow": {
            "IsEnabled": false,
            "WindowStartTime": 1200,
            "WindowEndTime": 1800
        },
        "Expires": false,
        "ExpiresAfter": 0,
        "PickupScheduleIndex": 0,
        "IsCounterOffer": false
    },
    "OfferedContractTime": {
        "elapsedDays": 32,
        "time": 1330
    },
    "TimeSincePlayerApproached": 1076195,
    "TimeSinceInstantDealOffered": 49327,
    "HasBeenRecommended": false
}