{
    "DataType": "PlaceableStorageData",
    "DataVersion": 0,
    "GameVersion": "0.3.5f3",
    "GUID": "7556e3c2-3236-45a2-bf51-d672dc5d6a85",
    "ItemString": "{\n    \"DataType\": \"ItemData\",\n    \"DataVersion\": 0,\n    \"GameVersion\": \"0.3.5f3\",\n    \"ID\": \"largestoragerack\",\n    \"Quantity\": 1\n}",
    "LoadOrder": 0,
    "GridGUID": "fa2d9b23-eb58-43ae-8f8b-7c37a132a46e",
    "OriginCoordinate": {
        "x": 32.0,
        "y": 2.0
    },
    "Rotation": 0,
    "Contents": {
        "Items": [
            "{\"DataType\":\"ItemData\",\"DataVersion\":0,\"GameVersion\":\"0.3.5f3\",\"ID\":\"acid\",\"Quantity\":10}",
            "{\"DataType\":\"ItemData\",\"DataVersion\":0,\"GameVersion\":\"0.3.5f3\",\"ID\":\"acid\",\"Quantity\":10}",
            "{\"DataType\":\"ItemData\",\"DataVersion\":0,\"GameVersion\":\"0.3.5f3\",\"ID\":\"acid\",\"Quantity\":10}",
            "{\"DataType\":\"ItemData\",\"DataVersion\":0,\"GameVersion\":\"0.3.5f3\",\"ID\":\"acid\",\"Quantity\":10}",
            "{\"DataType\":\"ItemData\",\"DataVersion\":0,\"GameVersion\":\"0.3.5f3\",\"ID\":\"acid\",\"Quantity\":10}",
            "{\"DataType\":\"ItemData\",\"DataVersion\":0,\"GameVersion\":\"0.3.5f3\",\"ID\":\"acid\",\"Quantity\":10}",
            "{\"DataType\":\"ItemData\",\"DataVersion\":0,\"GameVersion\":\"0.3.5f3\",\"ID\":\"acid\",\"Quantity\":10}",
            "{\"DataType\":\"ItemData\",\"DataVersion\":0,\"GameVersion\":\"0.3.5f3\",\"ID\":\"acid\",\"Quantity\":10}"
        ]
    }
}