{
    "DataType": "CustomerData",
    "DataVersion": 0,
    "GameVersion": "0.3.5f3",
    "Dependence": 0.75,
    "PurchaseableProducts": [
        "californiasmegma"
    ],
    "ProductAffinities": [
        -0.8760068416595459,
        1.0,
        0.6501095294952393
    ],
    "TimeSinceLastDealCompleted": 7353,
    "TimeSinceLastDealOffered": 131,
    "OfferedDeals": 27,
    "CompletedDeals": 15,
    "IsContractOffered": false,
    "OfferedContract": {
        "Payment": 0.0,
        "Products": {
            "entries": []
        },
        "DeliveryLocationGUID": "",
        "DeliveryWindow": {
            "IsEnabled": false,
            "WindowStartTime": 1200,
            "WindowEndTime": 1800
        },
        "Expires": false,
        "ExpiresAfter": 0,
        "PickupScheduleIndex": 0,
        "IsCounterOffer": false
    },
    "OfferedContractTime": {
        "elapsedDays": 48,
        "time": 1415
    },
    "TimeSincePlayerApproached": 13865,
    "TimeSinceInstantDealOffered": 9574,
    "HasBeenRecommended": false
}