{
    "DataType": "CustomerData",
    "DataVersion": 0,
    "GameVersion": "0.3.5f3",
    "Dependence": 0.0,
    "PurchaseableProducts": [
        "californiasmegma"
    ],
    "ProductAffinities": [
        NaN,
        0.4473540484905243,
        0.3176529109477997
    ],
    "TimeSinceLastDealCompleted": 4248,
    "TimeSinceLastDealOffered": 1231,
    "OfferedDeals": 5,
    "CompletedDeals": 3,
    "IsContractOffered": false,
    "OfferedContract": {
        "Payment": 0.0,
        "Products": {
            "entries": []
        },
        "DeliveryLocationGUID": "",
        "DeliveryWindow": {
            "IsEnabled": false,
            "WindowStartTime": 1200,
            "WindowEndTime": 1800
        },
        "Expires": false,
        "ExpiresAfter": 0,
        "PickupScheduleIndex": 0,
        "IsCounterOffer": false
    },
    "OfferedContractTime": {
        "elapsedDays": 28,
        "time": 1015
    },
    "TimeSincePlayerApproached": 1044132,
    "TimeSinceInstantDealOffered": 1044132,
    "HasBeenRecommended": false
}