{
    "DataType": "CustomerData",
    "DataVersion": 0,
    "GameVersion": "0.3.5f3",
    "Dependence": 0.4000000059604645,
    "PurchaseableProducts": [
        "californiasmegma"
    ],
    "ProductAffinities": [
        NaN,
        0.6573540568351746,
        0.3176529109477997
    ],
    "TimeSinceLastDealCompleted": 3577,
    "TimeSinceLastDealOffered": 3717,
    "OfferedDeals": 9,
    "CompletedDeals": 7,
    "IsContractOffered": false,
    "OfferedContract": {
        "Payment": 0.0,
        "Products": {
            "entries": []
        },
        "DeliveryLocationGUID": "",
        "DeliveryWindow": {
            "IsEnabled": false,
            "WindowStartTime": 1200,
            "WindowEndTime": 1800
        },
        "Expires": false,
        "ExpiresAfter": 0,
        "PickupScheduleIndex": 0,
        "IsCounterOffer": false
    },
    "OfferedContractTime": {
        "elapsedDays": 32,
        "time": 1015
    },
    "TimeSincePlayerApproached": 1076195,
    "TimeSinceInstantDealOffered": 1076195,
    "HasBeenRecommended": false
}