{
    "Items": [
        "{\"DataType\":\"ItemData\",\"DataVersion\":0,\"GameVersion\":\"0.3.5f3\",\"ID\":\"\",\"Quantity\":0}",
        "{\"DataType\":\"ItemData\",\"DataVersion\":0,\"GameVersion\":\"0.3.5f3\",\"ID\":\"\",\"Quantity\":0}",
        "{\"DataType\":\"ItemData\",\"DataVersion\":0,\"GameVersion\":\"0.3.5f3\",\"ID\":\"\",\"Quantity\":0}",
        "{\"DataType\":\"ItemData\",\"DataVersion\":0,\"GameVersion\":\"0.3.5f3\",\"ID\":\"\",\"Quantity\":0}",
        "{\"DataType\":\"ItemData\",\"DataVersion\":0,\"GameVersion\":\"0.3.5f3\",\"ID\":\"\",\"Quantity\":0}",
        "{\"DataType\":\"IntegerItemData\",\"DataVersion\":0,\"GameVersion\":\"0.3.5f3\",\"ID\":\"revolver\",\"Quantity\":1,\"Value\":6}",
        "{\"DataType\":\"ItemData\",\"DataVersion\":0,\"GameVersion\":\"0.3.5f3\",\"ID\":\"goldenskateboard\",\"Quantity\":1}",
        "{\"DataType\":\"TrashGrabberData\",\"DataVersion\":0,\"GameVersion\":\"0.3.5f3\",\"ID\":\"trashgrabber\",\"Quantity\":1,\"Content\":{\"TrashIDs\":[\"acid\",\"phosphorus\"],\"TrashQuantities\":[1,1]}}",
        "{\"DataType\":\"CashData\",\"DataVersion\":0,\"GameVersion\":\"0.3.5f3\",\"ID\":\"cash\",\"Quantity\":1,\"CashBalance\":1378.0654296875}"
    ]
}