{
    "DataType": "CustomerData",
    "DataVersion": 0,
    "GameVersion": "0.3.5f3",
    "Dependence": 0.4000000059604645,
    "PurchaseableProducts": [
        "californiasmegma"
    ],
    "ProductAffinities": [
        0.6618354320526123,
        0.6648536920547485,
        0.1664646863937378
    ],
    "TimeSinceLastDealCompleted": 71,
    "TimeSinceLastDealOffered": 161,
    "OfferedDeals": 18,
    "CompletedDeals": 9,
    "IsContractOffered": false,
    "OfferedContract": {
        "Payment": 0.0,
        "Products": {
            "entries": []
        },
        "DeliveryLocationGUID": "",
        "DeliveryWindow": {
            "IsEnabled": false,
            "WindowStartTime": 1200,
            "WindowEndTime": 1800
        },
        "Expires": false,
        "ExpiresAfter": 0,
        "PickupScheduleIndex": 0,
        "IsCounterOffer": false
    },
    "OfferedContractTime": {
        "elapsedDays": 0,
        "time": 0
    },
    "TimeSincePlayerApproached": 1086950,
    "TimeSinceInstantDealOffered": 1086950,
    "HasBeenRecommended": false
}