{
    "DataType": "CustomerData",
    "DataVersion": 0,
    "GameVersion": "0.3.5f3",
    "Dependence": 0.4750000238418579,
    "PurchaseableProducts": [
        "gorillashart"
    ],
    "ProductAffinities": [
        0.7200000286102295,
        0.15000000596046449,
        0.44999998807907107
    ],
    "TimeSinceLastDealCompleted": 5237,
    "TimeSinceLastDealOffered": 1392,
    "OfferedDeals": 5,
    "CompletedDeals": 3,
    "IsContractOffered": false,
    "OfferedContract": {
        "Payment": 0.0,
        "Products": {
            "entries": []
        },
        "DeliveryLocationGUID": "",
        "DeliveryWindow": {
            "IsEnabled": false,
            "WindowStartTime": 1200,
            "WindowEndTime": 1800
        },
        "Expires": false,
        "ExpiresAfter": 0,
        "PickupScheduleIndex": 0,
        "IsCounterOffer": false
    },
    "OfferedContractTime": {
        "elapsedDays": 0,
        "time": 0
    },
    "TimeSincePlayerApproached": 2098,
    "TimeSinceInstantDealOffered": 7935,
    "HasBeenRecommended": false
}