{
    "DataType": "ChemistData",
    "DataVersion": 0,
    "GameVersion": "0.3.5f3",
    "ID": "sharon_rodriguez",
    "AssignedProperty": "barn",
    "FirstName": "Sharon",
    "LastName": "Rodriguez",
    "IsMale": false,
    "AppearanceIndex": 1,
    "Position": {
        "x": 181.9234619140625,
        "y": -0.008779296651482582,
        "z": -5.50668478012085
    },
    "Rotation": {
        "x": 0.0,
        "y": -0.7071071267127991,
        "z": 0.0,
        "w": 0.7071065306663513
    },
    "GUID": "9a523d4d-3c8d-4147-ab8d-e7365d74aca6",
    "PaidForToday": true,
    "MoveItemData": {
        "TemplateItemJSON": "",
        "GrabbedItemQuantity": 0,
        "SourceGUID": "",
        "DestinationGUID": ""
    }
}