{
    "DataType": "ChemistData",
    "DataVersion": 0,
    "GameVersion": "0.3.5f3",
    "ID": "sharon_rodriguez",
    "AssignedProperty": "barn",
    "FirstName": "Sharon",
    "LastName": "Rodriguez",
    "IsMale": false,
    "AppearanceIndex": 1,
    "Position": {
        "x": 185.9979248046875,
        "y": 0.0899992510676384,
        "z": -17.348173141479493
    },
    "Rotation": {
        "x": 0.0,
        "y": 0.9998529553413391,
        "z": 0.0,
        "w": -0.017148664221167566
    },
    "GUID": "9a523d4d-3c8d-4147-ab8d-e7365d74aca6",
    "PaidForToday": true,
    "MoveItemData": {
        "TemplateItemJSON": "",
        "GrabbedItemQuantity": 0,
        "SourceGUID": "",
        "DestinationGUID": ""
    }
}