{
    "DataType": "PackagerData",
    "DataVersion": 0,
    "GameVersion": "0.3.5f3",
    "ID": "james_lee",
    "AssignedProperty": "barn",
    "FirstName": "James",
    "LastName": "Lee",
    "IsMale": true,
    "AppearanceIndex": 6,
    "Position": {
        "x": 180.98675537109376,
        "y": -0.008779296651482582,
        "z": -3.1232893466949465
    },
    "Rotation": {
        "x": 0.0,
        "y": -0.866025447845459,
        "z": 0.0,
        "w": 0.5
    },
    "GUID": "b7b732df-9068-4e1c-8332-701fa445e59b",
    "PaidForToday": true,
    "MoveItemData": {
        "TemplateItemJSON": "",
        "GrabbedItemQuantity": 0,
        "SourceGUID": "",
        "DestinationGUID": ""
    }
}