{
    "DataType": "PlaceableStorageData",
    "DataVersion": 0,
    "GameVersion": "0.3.5f3",
    "GUID": "e424db00-5e73-4180-b8b3-c5f2df11a406",
    "ItemString": "{\n    \"DataType\": \"ItemData\",\n    \"DataVersion\": 0,\n    \"GameVersion\": \"0.3.5f3\",\n    \"ID\": \"bed\",\n    \"Quantity\": 1\n}",
    "LoadOrder": 0,
    "GridGUID": "e68222af-0af0-45b1-9833-6716769fcf1b",
    "OriginCoordinate": {
        "x": 5.0,
        "y": 7.0
    },
    "Rotation": 90,
    "Contents": {
        "Items": [
            "{\"DataType\":\"ItemData\",\"DataVersion\":0,\"GameVersion\":\"0.3.5f3\",\"ID\":\"\",\"Quantity\":0}",
            "{\"DataType\":\"ItemData\",\"DataVersion\":0,\"GameVersion\":\"0.3.5f3\",\"ID\":\"\",\"Quantity\":0}",
            "{\"DataType\":\"ItemData\",\"DataVersion\":0,\"GameVersion\":\"0.3.5f3\",\"ID\":\"\",\"Quantity\":0}",
            "{\"DataType\":\"ItemData\",\"DataVersion\":0,\"GameVersion\":\"0.3.5f3\",\"ID\":\"\",\"Quantity\":0}"
        ]
    }
}